price_time,open_price,high_price,low_price,close_price,price_change,return_pct,volatility,direction,pnl_usd
"2003-07-25 10:00:00",1.14920,1.14980,1.14800,1.14850,-0.00070,-0.060911939,0.00180,SELL,70.00000
"2003-07-25 11:00:00",1.14840,1.15070,1.14810,1.15010,0.00170,0.148032045,0.00260,BUY,170.00000
"2003-07-25 12:00:00",1.15040,1.15040,1.14820,1.14850,-0.00190,-0.165159944,0.00220,SELL,190.00000
"2003-07-25 13:00:00",1.14860,1.14890,1.14660,1.14830,-0.00030,-0.026118753,0.00230,SELL,30.00000
"2003-07-25 14:00:00",1.14810,1.14980,1.14440,1.14930,0.00120,0.104520512,0.00540,BUY,120.00000
"2003-07-25 15:00:00",1.14910,1.15120,1.14840,1.14930,0.00020,0.017404926,0.00280,BUY,20.00000
"2003-07-25 16:00:00",1.14930,1.15530,1.14830,1.15430,0.00500,0.435047420,0.00700,BUY,500.00000
"2003-07-25 17:00:00",1.15440,1.15450,1.14970,1.15130,-0.00310,-0.268537769,0.00480,SELL,310.00000
"2003-07-25 18:00:00",1.15150,1.15230,1.15000,1.15090,-0.00060,-0.052105949,0.00230,SELL,60.00000
"2003-07-25 19:00:00",1.15090,1.15200,1.15060,1.15140,0.00050,0.043444261,0.00140,BUY,50.00000
"2003-07-25 20:00:00",1.15150,1.15280,1.15040,1.15110,-0.00040,-0.034737299,0.00240,SELL,40.00000
"2003-07-25 21:00:00",1.15090,1.15200,1.15060,1.15110,0.00020,0.017377704,0.00140,BUY,20.00000
"2003-07-25 22:00:00",1.15110,1.15210,1.15040,1.15140,0.00030,0.026062028,0.00170,BUY,30.00000
"2003-07-25 23:00:00",1.15140,1.15170,1.15070,1.15130,-0.00010,-0.008685079,0.00100,SELL,10.00000
"2003-07-28 00:00:00",1.14970,1.15050,1.14950,1.14990,0.00020,0.017395842,0.00100,BUY,20.00000
"2003-07-28 01:00:00",1.15000,1.15050,1.14870,1.14910,-0.00090,-0.078260870,0.00180,SELL,90.00000
"2003-07-28 02:00:00",1.14940,1.14980,1.14820,1.14830,-0.00110,-0.095702105,0.00160,SELL,110.00000
"2003-07-28 03:00:00",1.14830,1.14900,1.14640,1.14770,-0.00060,-0.052251154,0.00260,SELL,60.00000
"2003-07-28 04:00:00",1.14740,1.14800,1.14650,1.14760,0.00020,0.017430713,0.00150,BUY,20.00000
"2003-07-28 05:00:00",1.14770,1.14820,1.14720,1.14740,-0.00030,-0.026139235,0.00100,SELL,30.00000
"2003-07-28 06:00:00",1.14740,1.14830,1.14730,1.14770,0.00030,0.026146069,0.00100,BUY,30.00000
"2003-07-28 07:00:00",1.14770,1.14840,1.14700,1.14790,0.00020,0.017426157,0.00140,BUY,20.00000
"2003-07-28 08:00:00",1.14780,1.14830,1.14540,1.14660,-0.00120,-0.104547831,0.00290,SELL,120.00000
"2003-07-28 09:00:00",1.14650,1.14900,1.14600,1.14870,0.00220,0.191888356,0.00300,BUY,220.00000
"2003-07-28 10:00:00",1.14870,1.15200,1.14720,1.15160,0.00290,0.252459302,0.00480,BUY,290.00000
"2003-07-28 11:00:00",1.15170,1.15230,1.14700,1.14740,-0.00430,-0.373361118,0.00530,SELL,430.00000
"2003-07-28 12:00:00",1.14750,1.14890,1.14620,1.14650,-0.00100,-0.087145969,0.00270,SELL,100.00000
"2003-07-28 13:00:00",1.14650,1.14740,1.14520,1.14670,0.00020,0.017444396,0.00220,BUY,20.00000
"2003-07-28 14:00:00",1.14670,1.15040,1.14650,1.14830,0.00160,0.139530828,0.00390,BUY,160.00000
"2003-07-28 15:00:00",1.14860,1.15020,1.14720,1.14900,0.00040,0.034825004,0.00300,BUY,40.00000
"2003-07-28 16:00:00",1.14890,1.15030,1.14830,1.14890,0.00000,0.000000000,0.00200,SELL,0.00000
"2003-07-28 17:00:00",1.14890,1.15000,1.14750,1.14990,0.00100,0.087039777,0.00250,BUY,100.00000
"2003-07-28 18:00:00",1.15000,1.15190,1.14910,1.15070,0.00070,0.060869565,0.00280,BUY,70.00000
"2003-07-28 19:00:00",1.15060,1.15140,1.14970,1.15050,-0.00010,-0.008691118,0.00170,SELL,10.00000
"2003-07-28 20:00:00",1.15020,1.15120,1.14970,1.15020,0.00000,0.000000000,0.00150,SELL,0.00000
"2003-07-28 21:00:00",1.15040,1.15070,1.14860,1.14940,-0.00100,-0.086926287,0.00210,SELL,100.00000
"2003-07-28 22:00:00",1.14930,1.15020,1.14880,1.14950,0.00020,0.017401897,0.00140,BUY,20.00000
"2003-07-28 23:00:00",1.14960,1.15030,1.14840,1.14890,-0.00070,-0.060890745,0.00190,SELL,70.00000
"2003-07-29 00:00:00",1.14870,1.14950,1.14850,1.14870,0.00000,0.000000000,0.00100,SELL,0.00000
"2003-07-29 01:00:00",1.14870,1.15010,1.14870,1.14900,0.00030,0.026116479,0.00140,BUY,30.00000
"2003-07-29 02:00:00",1.14890,1.14950,1.14840,1.14880,-0.00010,-0.008703978,0.00110,SELL,10.00000
"2003-07-29 03:00:00",1.14880,1.15050,1.14800,1.14990,0.00110,0.095752089,0.00250,BUY,110.00000
"2003-07-29 04:00:00",1.15000,1.15110,1.14910,1.15060,0.00060,0.052173913,0.00200,BUY,60.00000
"2003-07-29 05:00:00",1.15060,1.15090,1.14980,1.15070,0.00010,0.008691118,0.00110,BUY,10.00000
"2003-07-29 06:00:00",1.15060,1.15120,1.14990,1.15050,-0.00010,-0.008691118,0.00130,SELL,10.00000
"2003-07-29 07:00:00",1.15020,1.15180,1.14980,1.15100,0.00080,0.069553121,0.00200,BUY,80.00000
"2003-07-29 08:00:00",1.15120,1.15370,1.14980,1.15250,0.00130,0.112925643,0.00390,BUY,130.00000
"2003-07-29 09:00:00",1.15240,1.15290,1.15070,1.15140,-0.00100,-0.086775425,0.00220,SELL,100.00000
"2003-07-29 10:00:00",1.15150,1.15180,1.14980,1.15130,-0.00020,-0.017368650,0.00200,SELL,20.00000
"2003-07-29 11:00:00",1.15130,1.15160,1.14740,1.14940,-0.00190,-0.165030835,0.00420,SELL,190.00000
"2003-07-29 12:00:00",1.14960,1.14990,1.14730,1.14770,-0.00190,-0.165274878,0.00260,SELL,190.00000
"2003-07-29 13:00:00",1.14770,1.14840,1.14630,1.14730,-0.00040,-0.034852313,0.00210,SELL,40.00000
"2003-07-29 14:00:00",1.14760,1.14770,1.14520,1.14730,-0.00030,-0.026141513,0.00250,SELL,30.00000
"2003-07-29 15:00:00",1.14700,1.14960,1.14690,1.14890,0.00190,0.165649520,0.00270,BUY,190.00000
"2003-07-29 16:00:00",1.14890,1.15430,1.14810,1.15040,0.00150,0.130559666,0.00620,BUY,150.00000
"2003-07-29 17:00:00",1.15030,1.15090,1.14620,1.14690,-0.00340,-0.295575067,0.00470,SELL,340.00000
"2003-07-29 18:00:00",1.14690,1.14900,1.14600,1.14820,0.00130,0.113349028,0.00300,BUY,130.00000
"2003-07-29 19:00:00",1.14830,1.14900,1.14660,1.14730,-0.00100,-0.087085256,0.00240,SELL,100.00000
"2003-07-29 20:00:00",1.14720,1.14800,1.14540,1.14640,-0.00080,-0.069735007,0.00260,SELL,80.00000
"2003-07-29 21:00:00",1.14620,1.14700,1.14530,1.14590,-0.00030,-0.026173443,0.00170,SELL,30.00000
"2003-07-29 22:00:00",1.14570,1.14640,1.14360,1.14430,-0.00140,-0.122196037,0.00280,SELL,140.00000
"2003-07-29 23:00:00",1.14430,1.14490,1.14300,1.14400,-0.00030,-0.026216901,0.00190,SELL,30.00000
"2003-07-30 00:00:00",1.14410,1.14510,1.14370,1.14450,0.00040,0.034961979,0.00140,BUY,40.00000
"2003-07-30 01:00:00",1.14440,1.14560,1.14410,1.14450,0.00010,0.008738203,0.00150,BUY,10.00000
"2003-07-30 02:00:00",1.14430,1.14540,1.14400,1.14460,0.00030,0.026216901,0.00140,BUY,30.00000
"2003-07-30 03:00:00",1.14450,1.14550,1.14410,1.14500,0.00050,0.043687200,0.00140,BUY,50.00000
"2003-07-30 04:00:00",1.14490,1.14530,1.14410,1.14460,-0.00030,-0.026203162,0.00120,SELL,30.00000
"2003-07-30 05:00:00",1.14450,1.14480,1.14330,1.14450,0.00000,0.000000000,0.00150,SELL,0.00000
"2003-07-30 06:00:00",1.14440,1.14550,1.14390,1.14410,-0.00030,-0.026214610,0.00160,SELL,30.00000
"2003-07-30 07:00:00",1.14420,1.14480,1.14310,1.14360,-0.00060,-0.052438385,0.00170,SELL,60.00000
"2003-07-30 08:00:00",1.14370,1.14480,1.14250,1.14330,-0.00040,-0.034974207,0.00230,SELL,40.00000
"2003-07-30 09:00:00",1.14330,1.14480,1.14290,1.14330,0.00000,0.000000000,0.00190,SELL,0.00000
"2003-07-30 10:00:00",1.14320,1.14470,1.14280,1.14410,0.00090,0.078726382,0.00190,BUY,90.00000
"2003-07-30 11:00:00",1.14410,1.14540,1.14370,1.14380,-0.00030,-0.026221484,0.00170,SELL,30.00000
"2003-07-30 12:00:00",1.14380,1.14430,1.14300,1.14380,0.00000,0.000000000,0.00130,SELL,0.00000
"2003-07-30 13:00:00",1.14370,1.14420,1.14090,1.14220,-0.00150,-0.131153274,0.00330,SELL,150.00000
"2003-07-30 14:00:00",1.14230,1.14290,1.13980,1.14060,-0.00170,-0.148822551,0.00310,SELL,170.00000
"2003-07-30 15:00:00",1.14090,1.14200,1.13810,1.13990,-0.00100,-0.087650101,0.00390,SELL,100.00000
"2003-07-30 16:00:00",1.13970,1.14130,1.13850,1.13890,-0.00080,-0.070193911,0.00280,SELL,80.00000
"2003-07-30 17:00:00",1.13890,1.13920,1.13520,1.13690,-0.00200,-0.175608043,0.00400,SELL,200.00000
"2003-07-30 18:00:00",1.13700,1.13810,1.13550,1.13760,0.00060,0.052770449,0.00260,BUY,60.00000
"2003-07-30 19:00:00",1.13770,1.13830,1.13570,1.13660,-0.00110,-0.096686297,0.00260,SELL,110.00000
"2003-07-30 20:00:00",1.13650,1.13770,1.13550,1.13590,-0.00060,-0.052793665,0.00220,SELL,60.00000
"2003-07-30 21:00:00",1.13580,1.13680,1.13360,1.13420,-0.00160,-0.140869871,0.00320,SELL,160.00000
"2003-07-30 22:00:00",1.13420,1.13490,1.13390,1.13440,0.00020,0.017633574,0.00100,BUY,20.00000
"2003-07-30 23:00:00",1.13430,1.13750,1.13420,1.13580,0.00150,0.132240148,0.00330,BUY,150.00000
"2003-07-31 00:00:00",1.13570,1.13630,1.13430,1.13510,-0.00060,-0.052830853,0.00200,SELL,60.00000
"2003-07-31 01:00:00",1.13510,1.13600,1.13400,1.13460,-0.00050,-0.044048982,0.00200,SELL,50.00000
"2003-07-31 02:00:00",1.13460,1.13630,1.13420,1.13570,0.00110,0.096950467,0.00210,BUY,110.00000
"2003-07-31 03:00:00",1.13580,1.13670,1.13390,1.13430,-0.00150,-0.132065504,0.00280,SELL,150.00000
"2003-07-31 04:00:00",1.13430,1.13480,1.13320,1.13380,-0.00050,-0.044080049,0.00160,SELL,50.00000
"2003-07-31 05:00:00",1.13390,1.13480,1.13340,1.13370,-0.00020,-0.017638240,0.00140,SELL,20.00000
"2003-07-31 06:00:00",1.13400,1.13460,1.13220,1.13260,-0.00140,-0.123456790,0.00240,SELL,140.00000
"2003-07-31 07:00:00",1.13270,1.13400,1.13160,1.13350,0.00080,0.070627704,0.00240,BUY,80.00000
"2003-07-31 08:00:00",1.13350,1.13500,1.13290,1.13320,-0.00030,-0.026466696,0.00210,SELL,30.00000
"2003-07-31 09:00:00",1.13350,1.13440,1.13210,1.13290,-0.00060,-0.052933392,0.00230,SELL,60.00000
"2003-07-31 10:00:00",1.13280,1.13380,1.13210,1.13300,0.00020,0.017655367,0.00170,BUY,20.00000
"2003-07-31 11:00:00",1.13300,1.13370,1.13070,1.13120,-0.00180,-0.158870256,0.00300,SELL,180.00000
"2003-07-31 12:00:00",1.13100,1.13200,1.12980,1.13080,-0.00020,-0.017683466,0.00220,SELL,20.00000
"2003-07-31 13:00:00",1.13070,1.13180,1.12870,1.13140,0.00070,0.061908552,0.00310,BUY,70.00000
"2003-07-31 14:00:00",1.13120,1.13360,1.12780,1.12850,-0.00270,-0.238684583,0.00580,SELL,270.00000
"2003-07-31 15:00:00",1.12860,1.13070,1.12800,1.12880,0.00020,0.017721070,0.00270,BUY,20.00000
"2003-07-31 16:00:00",1.12900,1.12900,1.12500,1.12550,-0.00350,-0.310008857,0.00400,SELL,350.00000
"2003-07-31 17:00:00",1.12540,1.12640,1.12250,1.12330,-0.00210,-0.186600320,0.00390,SELL,210.00000
"2003-07-31 18:00:00",1.12330,1.12500,1.12290,1.12360,0.00030,0.026707024,0.00210,BUY,30.00000
"2003-07-31 19:00:00",1.12350,1.12400,1.12260,1.12350,0.00000,0.000000000,0.00140,SELL,0.00000
"2003-07-31 20:00:00",1.12330,1.12450,1.12270,1.12400,0.00070,0.062316389,0.00180,BUY,70.00000
"2003-07-31 21:00:00",1.12400,1.12490,1.12300,1.12430,0.00030,0.026690391,0.00190,BUY,30.00000
"2003-07-31 22:00:00",1.12430,1.12470,1.12280,1.12310,-0.00120,-0.106733078,0.00190,SELL,120.00000
"2003-07-31 23:00:00",1.12320,1.12380,1.12280,1.12330,0.00010,0.008903134,0.00100,BUY,10.00000
"2003-08-01 00:00:00",1.12340,1.12470,1.12310,1.12400,0.00060,0.053409293,0.00160,BUY,60.00000
"2003-08-01 01:00:00",1.12390,1.12440,1.12310,1.12350,-0.00040,-0.035590355,0.00130,SELL,40.00000
"2003-08-01 02:00:00",1.12340,1.12430,1.12250,1.12280,-0.00060,-0.053409293,0.00180,SELL,60.00000
"2003-08-01 03:00:00",1.12310,1.12400,1.12270,1.12360,0.00050,0.044519633,0.00130,BUY,50.00000
"2003-08-01 04:00:00",1.12350,1.12460,1.12320,1.12420,0.00070,0.062305296,0.00140,BUY,70.00000
"2003-08-01 05:00:00",1.12410,1.12460,1.12360,1.12410,0.00000,0.000000000,0.00100,SELL,0.00000
"2003-08-01 06:00:00",1.12370,1.12440,1.12300,1.12340,-0.00030,-0.026697517,0.00140,SELL,30.00000
"2003-08-01 07:00:00",1.12340,1.12380,1.12100,1.12170,-0.00170,-0.151326331,0.00280,SELL,170.00000
"2003-08-01 08:00:00",1.12160,1.12250,1.11990,1.12050,-0.00110,-0.098074180,0.00260,SELL,110.00000
"2003-08-01 09:00:00",1.12040,1.12170,1.11970,1.12110,0.00070,0.062477687,0.00200,BUY,70.00000
"2003-08-01 10:00:00",1.12070,1.12130,1.11340,1.11580,-0.00490,-0.437226733,0.00790,SELL,490.00000
"2003-08-01 11:00:00",1.11590,1.11890,1.11500,1.11750,0.00160,0.143382023,0.00390,BUY,160.00000
"2003-08-01 12:00:00",1.11760,1.11870,1.11600,1.11630,-0.00130,-0.116320687,0.00270,SELL,130.00000
"2003-08-01 13:00:00",1.11640,1.11780,1.11540,1.11660,0.00020,0.017914726,0.00240,BUY,20.00000
"2003-08-01 14:00:00",1.11660,1.12180,1.11560,1.11790,0.00130,0.116424861,0.00620,BUY,130.00000
"2003-08-01 15:00:00",1.11800,1.12080,1.11750,1.11970,0.00170,0.152057245,0.00330,BUY,170.00000
"2003-08-01 16:00:00",1.11940,1.12770,1.11920,1.12540,0.00600,0.536001429,0.00850,BUY,600.00000
"2003-08-01 17:00:00",1.12550,1.12710,1.12380,1.12550,0.00000,0.000000000,0.00330,SELL,0.00000
"2003-08-01 18:00:00",1.12520,1.12620,1.12450,1.12540,0.00020,0.017774618,0.00170,BUY,20.00000
"2003-08-01 19:00:00",1.12520,1.12560,1.12400,1.12460,-0.00060,-0.053323854,0.00160,SELL,60.00000
"2003-08-01 20:00:00",1.12480,1.12690,1.12420,1.12620,0.00140,0.124466572,0.00270,BUY,140.00000
"2003-08-01 21:00:00",1.12640,1.12720,1.12600,1.12630,-0.00010,-0.008877841,0.00120,SELL,10.00000
"2003-08-01 22:00:00",1.12610,1.12790,1.12600,1.12750,0.00140,0.124322884,0.00190,BUY,140.00000
"2003-08-01 23:00:00",1.12760,1.12850,1.12740,1.12760,0.00000,0.000000000,0.00110,SELL,0.00000
"2003-08-04 00:00:00",1.12840,1.12860,1.12730,1.12830,-0.00010,-0.008862106,0.00130,SELL,10.00000
"2003-08-04 01:00:00",1.12810,1.12840,1.12650,1.12710,-0.00100,-0.088644624,0.00190,SELL,100.00000
"2003-08-04 02:00:00",1.12700,1.12820,1.12640,1.12690,-0.00010,-0.008873114,0.00180,SELL,10.00000
"2003-08-04 03:00:00",1.12680,1.12720,1.12610,1.12650,-0.00030,-0.026624068,0.00110,SELL,30.00000
"2003-08-04 04:00:00",1.12660,1.12780,1.12640,1.12640,-0.00020,-0.017752530,0.00140,SELL,20.00000
"2003-08-04 05:00:00",1.12660,1.12720,1.12610,1.12690,0.00030,0.026628795,0.00110,BUY,30.00000
"2003-08-04 06:00:00",1.12690,1.12810,1.12660,1.12730,0.00040,0.035495607,0.00150,BUY,40.00000
"2003-08-04 07:00:00",1.12730,1.12820,1.12690,1.12720,-0.00010,-0.008870753,0.00130,SELL,10.00000
"2003-08-04 08:00:00",1.12720,1.12790,1.12610,1.12680,-0.00040,-0.035486160,0.00180,SELL,40.00000
"2003-08-04 09:00:00",1.12680,1.13160,1.12630,1.13140,0.00460,0.408235712,0.00530,BUY,460.00000
"2003-08-04 10:00:00",1.13140,1.13170,1.12880,1.13030,-0.00110,-0.097224677,0.00290,SELL,110.00000
"2003-08-04 11:00:00",1.13040,1.13090,1.12920,1.13020,-0.00020,-0.017692852,0.00170,SELL,20.00000
"2003-08-04 12:00:00",1.13030,1.13120,1.12980,1.13040,0.00010,0.008847209,0.00140,BUY,10.00000
"2003-08-04 13:00:00",1.13020,1.13220,1.12980,1.13130,0.00110,0.097327907,0.00240,BUY,110.00000
"2003-08-04 14:00:00",1.13160,1.13190,1.12960,1.13030,-0.00130,-0.114881584,0.00230,SELL,130.00000
"2003-08-04 15:00:00",1.13030,1.13210,1.12980,1.13160,0.00130,0.115013713,0.00230,BUY,130.00000
"2003-08-04 16:00:00",1.13170,1.13500,1.13080,1.13360,0.00190,0.167889017,0.00420,BUY,190.00000
"2003-08-04 17:00:00",1.13370,1.13470,1.13280,1.13370,0.00000,0.000000000,0.00190,SELL,0.00000
"2003-08-04 18:00:00",1.13380,1.13780,1.13340,1.13640,0.00260,0.229317340,0.00440,BUY,260.00000
"2003-08-04 19:00:00",1.13630,1.13720,1.13500,1.13590,-0.00040,-0.035201971,0.00220,SELL,40.00000
"2003-08-04 20:00:00",1.13600,1.13670,1.13420,1.13550,-0.00050,-0.044014085,0.00250,SELL,50.00000
"2003-08-04 21:00:00",1.13530,1.13670,1.13500,1.13580,0.00050,0.044041223,0.00170,BUY,50.00000
"2003-08-04 22:00:00",1.13580,1.13660,1.13530,1.13580,0.00000,0.000000000,0.00130,SELL,0.00000
"2003-08-04 23:00:00",1.13610,1.13680,1.13520,1.13550,-0.00060,-0.052812252,0.00160,SELL,60.00000
"2003-08-05 00:00:00",1.13560,1.13610,1.13470,1.13530,-0.00030,-0.026417753,0.00140,SELL,30.00000
"2003-08-05 01:00:00",1.13510,1.13580,1.13420,1.13530,0.00020,0.017619593,0.00160,BUY,20.00000
"2003-08-05 02:00:00",1.13520,1.13620,1.13430,1.13490,-0.00030,-0.026427061,0.00190,SELL,30.00000
"2003-08-05 03:00:00",1.13500,1.13570,1.13430,1.13540,0.00040,0.035242291,0.00140,BUY,40.00000
"2003-08-05 04:00:00",1.13550,1.13620,1.13520,1.13520,-0.00030,-0.026420079,0.00100,SELL,30.00000
"2003-08-05 05:00:00",1.13530,1.13590,1.13500,1.13550,0.00020,0.017616489,0.00090,BUY,20.00000
"2003-08-05 06:00:00",1.13560,1.13660,1.13510,1.13570,0.00010,0.008805918,0.00150,BUY,10.00000
"2003-08-05 07:00:00",1.13600,1.13680,1.13530,1.13590,-0.00010,-0.008802817,0.00150,SELL,10.00000
"2003-08-05 08:00:00",1.13590,1.13720,1.13520,1.13670,0.00080,0.070428735,0.00200,BUY,80.00000
"2003-08-05 09:00:00",1.13650,1.13840,1.13550,1.13740,0.00090,0.079190497,0.00290,BUY,90.00000
"2003-08-05 10:00:00",1.13740,1.13810,1.13430,1.13510,-0.00230,-0.202215579,0.00380,SELL,230.00000
"2003-08-05 11:00:00",1.13550,1.13580,1.13280,1.13310,-0.00240,-0.211360634,0.00300,SELL,240.00000
"2003-08-05 12:00:00",1.13330,1.13400,1.13250,1.13280,-0.00050,-0.044118945,0.00150,SELL,50.00000
"2003-08-05 13:00:00",1.13280,1.13430,1.13190,1.13390,0.00110,0.097104520,0.00240,BUY,110.00000
"2003-08-05 14:00:00",1.13390,1.13430,1.13080,1.13180,-0.00210,-0.185201517,0.00350,SELL,210.00000
"2003-08-05 15:00:00",1.13160,1.13400,1.13090,1.13320,0.00160,0.141392718,0.00310,BUY,160.00000
"2003-08-05 16:00:00",1.13320,1.13570,1.13070,1.13460,0.00140,0.123543946,0.00500,BUY,140.00000
"2003-08-05 17:00:00",1.13460,1.13620,1.13430,1.13490,0.00030,0.026441036,0.00190,BUY,30.00000
"2003-08-05 18:00:00",1.13490,1.13550,1.13310,1.13380,-0.00110,-0.096924839,0.00240,SELL,110.00000
"2003-08-05 19:00:00",1.13380,1.13530,1.13360,1.13460,0.00080,0.070559182,0.00170,BUY,80.00000
"2003-08-05 20:00:00",1.13450,1.13540,1.13390,1.13510,0.00060,0.052886734,0.00150,BUY,60.00000
"2003-08-05 21:00:00",1.13510,1.13760,1.13420,1.13720,0.00210,0.185005726,0.00340,BUY,210.00000
"2003-08-05 22:00:00",1.13740,1.14030,1.13710,1.13820,0.00080,0.070335854,0.00320,BUY,80.00000
"2003-08-05 23:00:00",1.13800,1.14000,1.13790,1.13890,0.00090,0.079086116,0.00210,BUY,90.00000
"2003-08-06 00:00:00",1.13890,1.13970,1.13850,1.13940,0.00050,0.043902011,0.00120,BUY,50.00000
"2003-08-06 01:00:00",1.13930,1.14010,1.13930,1.13940,0.00010,0.008777319,0.00080,BUY,10.00000
"2003-08-06 02:00:00",1.13940,1.13970,1.13840,1.13860,-0.00080,-0.070212392,0.00130,SELL,80.00000
"2003-08-06 03:00:00",1.13860,1.14020,1.13860,1.13970,0.00110,0.096609872,0.00160,BUY,110.00000
"2003-08-06 04:00:00",1.13960,1.14080,1.13920,1.14020,0.00060,0.052650053,0.00160,BUY,60.00000
"2003-08-06 05:00:00",1.14040,1.14130,1.14000,1.14030,-0.00010,-0.008768853,0.00130,SELL,10.00000
"2003-08-06 06:00:00",1.14030,1.14120,1.13990,1.14080,0.00050,0.043848110,0.00130,BUY,50.00000
"2003-08-06 07:00:00",1.14080,1.14140,1.13930,1.13970,-0.00110,-0.096423562,0.00210,SELL,110.00000
"2003-08-06 08:00:00",1.13980,1.14210,1.13950,1.14180,0.00200,0.175469381,0.00260,BUY,200.00000
"2003-08-06 09:00:00",1.14160,1.14300,1.14020,1.14040,-0.00120,-0.105115627,0.00280,SELL,120.00000
"2003-08-06 10:00:00",1.14030,1.14210,1.13990,1.14020,-0.00010,-0.008769622,0.00220,SELL,10.00000
"2003-08-06 11:00:00",1.14000,1.14110,1.13870,1.13910,-0.00090,-0.078947368,0.00240,SELL,90.00000
"2003-08-06 12:00:00",1.13940,1.13990,1.13800,1.13840,-0.00100,-0.087765491,0.00190,SELL,100.00000
"2003-08-06 13:00:00",1.13860,1.13930,1.13810,1.13900,0.00040,0.035130862,0.00120,BUY,40.00000
"2003-08-06 14:00:00",1.13920,1.13980,1.13610,1.13710,-0.00210,-0.184339888,0.00370,SELL,210.00000
"2003-08-06 15:00:00",1.13720,1.13860,1.13570,1.13780,0.00060,0.052761168,0.00290,BUY,60.00000
"2003-08-06 16:00:00",1.13760,1.13980,1.13660,1.13750,-0.00010,-0.008790436,0.00320,SELL,10.00000
"2003-08-06 17:00:00",1.13760,1.13860,1.13530,1.13600,-0.00160,-0.140646976,0.00330,SELL,160.00000
"2003-08-06 18:00:00",1.13590,1.13780,1.13540,1.13720,0.00130,0.114446694,0.00240,BUY,130.00000
"2003-08-06 19:00:00",1.13720,1.13780,1.13350,1.13390,-0.00330,-0.290186423,0.00430,SELL,330.00000
"2003-08-06 20:00:00",1.13380,1.13490,1.13270,1.13490,0.00110,0.097018875,0.00220,BUY,110.00000
"2003-08-06 21:00:00",1.13470,1.13590,1.13390,1.13470,0.00000,0.000000000,0.00200,SELL,0.00000
"2003-08-06 22:00:00",1.13470,1.13530,1.13300,1.13340,-0.00130,-0.114567727,0.00230,SELL,130.00000
"2003-08-06 23:00:00",1.13350,1.13450,1.13300,1.13360,0.00010,0.008822232,0.00150,BUY,10.00000
"2003-08-07 00:00:00",1.13370,1.13450,1.13300,1.13390,0.00020,0.017641351,0.00150,BUY,20.00000
"2003-08-07 01:00:00",1.13410,1.13500,1.13350,1.13410,0.00000,0.000000000,0.00150,SELL,0.00000
"2003-08-07 02:00:00",1.13410,1.13500,1.13370,1.13400,-0.00010,-0.008817565,0.00130,SELL,10.00000
"2003-08-07 03:00:00",1.13420,1.13440,1.13290,1.13340,-0.00080,-0.070534297,0.00150,SELL,80.00000
"2003-08-07 04:00:00",1.13340,1.13400,1.13280,1.13320,-0.00020,-0.017646021,0.00120,SELL,20.00000
"2003-08-07 05:00:00",1.13360,1.13360,1.13270,1.13300,-0.00060,-0.052928723,0.00090,SELL,60.00000
"2003-08-07 06:00:00",1.13280,1.13430,1.13280,1.13370,0.00090,0.079449153,0.00150,BUY,90.00000
"2003-08-07 07:00:00",1.13370,1.13450,1.13320,1.13400,0.00030,0.026462027,0.00130,BUY,30.00000
"2003-08-07 08:00:00",1.13400,1.13430,1.13190,1.13350,-0.00050,-0.044091711,0.00240,SELL,50.00000
"2003-08-07 09:00:00",1.13330,1.13600,1.13310,1.13570,0.00240,0.211770934,0.00290,BUY,240.00000
"2003-08-07 10:00:00",1.13540,1.13580,1.13400,1.13480,-0.00060,-0.052844812,0.00180,SELL,60.00000
"2003-08-07 11:00:00",1.13470,1.13730,1.13430,1.13640,0.00170,0.149819336,0.00300,BUY,170.00000
"2003-08-07 12:00:00",1.13630,1.13710,1.13510,1.13550,-0.00080,-0.070403943,0.00200,SELL,80.00000
"2003-08-07 13:00:00",1.13530,1.13700,1.13510,1.13570,0.00040,0.035232978,0.00190,BUY,40.00000
"2003-08-07 14:00:00",1.13550,1.13790,1.13490,1.13640,0.00090,0.079260238,0.00300,BUY,90.00000
"2003-08-07 15:00:00",1.13640,1.14110,1.13600,1.13890,0.00250,0.219992960,0.00510,BUY,250.00000
"2003-08-07 16:00:00",1.13890,1.14110,1.13770,1.14070,0.00180,0.158047239,0.00340,BUY,180.00000
"2003-08-07 17:00:00",1.14070,1.14190,1.13870,1.13990,-0.00080,-0.070132375,0.00320,SELL,80.00000
"2003-08-07 18:00:00",1.14000,1.14070,1.13730,1.13850,-0.00150,-0.131578947,0.00340,SELL,150.00000
"2003-08-07 19:00:00",1.13820,1.13910,1.13660,1.13690,-0.00130,-0.114215428,0.00250,SELL,130.00000
"2003-08-07 20:00:00",1.13690,1.13790,1.13630,1.13710,0.00020,0.017591697,0.00160,BUY,20.00000
"2003-08-07 21:00:00",1.13710,1.13780,1.13640,1.13730,0.00020,0.017588603,0.00140,BUY,20.00000
"2003-08-07 22:00:00",1.13730,1.13790,1.13650,1.13730,0.00000,0.000000000,0.00140,SELL,0.00000
"2003-08-07 23:00:00",1.13720,1.13870,1.13710,1.13760,0.00040,0.035174112,0.00160,BUY,40.00000
"2003-08-08 00:00:00",1.13760,1.13840,1.13750,1.13760,0.00000,0.000000000,0.00090,SELL,0.00000
"2003-08-08 01:00:00",1.13810,1.13820,1.13630,1.13650,-0.00160,-0.140585186,0.00190,SELL,160.00000
"2003-08-08 02:00:00",1.13650,1.13740,1.13610,1.13660,0.00010,0.008798944,0.00130,BUY,10.00000
"2003-08-08 03:00:00",1.13650,1.13710,1.13550,1.13590,-0.00060,-0.052793665,0.00160,SELL,60.00000
"2003-08-08 04:00:00",1.13600,1.13650,1.13520,1.13570,-0.00030,-0.026408451,0.00130,SELL,30.00000
"2003-08-08 05:00:00",1.13570,1.13670,1.13530,1.13630,0.00060,0.052830853,0.00140,BUY,60.00000
"2003-08-08 06:00:00",1.13630,1.13650,1.13540,1.13610,-0.00020,-0.017600986,0.00110,SELL,20.00000
"2003-08-08 07:00:00",1.13600,1.13710,1.13560,1.13670,0.00070,0.061619718,0.00150,BUY,70.00000
"2003-08-08 08:00:00",1.13690,1.13820,1.13620,1.13760,0.00070,0.061570939,0.00200,BUY,70.00000
"2003-08-08 09:00:00",1.13760,1.13820,1.13330,1.13400,-0.00360,-0.316455696,0.00490,SELL,360.00000
"2003-08-08 10:00:00",1.13410,1.13490,1.13280,1.13290,-0.00120,-0.105810775,0.00210,SELL,120.00000
"2003-08-08 11:00:00",1.13310,1.13470,1.13290,1.13380,0.00070,0.061777425,0.00180,BUY,70.00000
"2003-08-08 12:00:00",1.13390,1.13600,1.13350,1.13450,0.00060,0.052914719,0.00250,BUY,60.00000
"2003-08-08 13:00:00",1.13480,1.13490,1.13250,1.13340,-0.00140,-0.123369757,0.00240,SELL,140.00000
"2003-08-08 14:00:00",1.13320,1.13380,1.13050,1.13150,-0.00170,-0.150017649,0.00330,SELL,170.00000
"2003-08-08 15:00:00",1.13160,1.13480,1.13140,1.13460,0.00300,0.265111347,0.00340,BUY,300.00000
"2003-08-08 16:00:00",1.13430,1.13500,1.13200,1.13260,-0.00170,-0.149872168,0.00300,SELL,170.00000
"2003-08-08 17:00:00",1.13270,1.13430,1.13130,1.13190,-0.00080,-0.070627704,0.00300,SELL,80.00000
"2003-08-08 18:00:00",1.13220,1.13340,1.12860,1.13050,-0.00170,-0.150150150,0.00480,SELL,170.00000
"2003-08-08 19:00:00",1.13050,1.13170,1.12970,1.13050,0.00000,0.000000000,0.00200,SELL,0.00000
"2003-08-08 20:00:00",1.13090,1.13110,1.12890,1.12940,-0.00150,-0.132637722,0.00220,SELL,150.00000
"2003-08-08 21:00:00",1.12950,1.13080,1.12930,1.13050,0.00100,0.088534750,0.00150,BUY,100.00000
"2003-08-08 22:00:00",1.13060,1.13140,1.12990,1.13090,0.00030,0.026534583,0.00150,BUY,30.00000
"2003-08-08 23:00:00",1.13090,1.13120,1.13040,1.13070,-0.00020,-0.017685030,0.00080,SELL,20.00000
"2003-08-11 00:00:00",1.13060,1.13070,1.12970,1.12970,-0.00090,-0.079603750,0.00100,SELL,90.00000
"2003-08-11 01:00:00",1.12970,1.13050,1.12930,1.12940,-0.00030,-0.026555723,0.00120,SELL,30.00000
"2003-08-11 02:00:00",1.12950,1.12960,1.12810,1.12840,-0.00110,-0.097388225,0.00150,SELL,110.00000
"2003-08-11 03:00:00",1.12830,1.12920,1.12770,1.12820,-0.00010,-0.008862891,0.00150,SELL,10.00000
"2003-08-11 04:00:00",1.12840,1.12860,1.12660,1.12740,-0.00100,-0.088621056,0.00200,SELL,100.00000
"2003-08-11 05:00:00",1.12730,1.12800,1.12720,1.12750,0.00020,0.017741506,0.00080,BUY,20.00000
"2003-08-11 06:00:00",1.12750,1.12910,1.12740,1.12860,0.00110,0.097560976,0.00170,BUY,110.00000
"2003-08-11 07:00:00",1.12850,1.12910,1.12770,1.12870,0.00020,0.017722641,0.00140,BUY,20.00000
"2003-08-11 08:00:00",1.12880,1.12930,1.12700,1.12800,-0.00080,-0.070871722,0.00230,SELL,80.00000
"2003-08-11 09:00:00",1.12800,1.12940,1.12660,1.12790,-0.00010,-0.008865248,0.00280,SELL,10.00000
"2003-08-11 10:00:00",1.12800,1.12880,1.12680,1.12770,-0.00030,-0.026595745,0.00200,SELL,30.00000
"2003-08-11 11:00:00",1.12760,1.12860,1.12700,1.12770,0.00010,0.008868393,0.00160,BUY,10.00000
"2003-08-11 12:00:00",1.12760,1.12850,1.12640,1.12710,-0.00050,-0.044341965,0.00210,SELL,50.00000
"2003-08-11 13:00:00",1.12720,1.12870,1.12650,1.12760,0.00040,0.035486160,0.00220,BUY,40.00000
"2003-08-11 14:00:00",1.12770,1.13210,1.12740,1.13180,0.00410,0.363571872,0.00470,BUY,410.00000
"2003-08-11 15:00:00",1.13170,1.13420,1.13150,1.13300,0.00130,0.114871432,0.00270,BUY,130.00000
"2003-08-11 16:00:00",1.13290,1.13370,1.13140,1.13230,-0.00060,-0.052961426,0.00230,SELL,60.00000
"2003-08-11 17:00:00",1.13210,1.13540,1.13130,1.13480,0.00270,0.238494833,0.00410,BUY,270.00000
"2003-08-11 18:00:00",1.13470,1.13740,1.13460,1.13690,0.00220,0.193883846,0.00280,BUY,220.00000
"2003-08-11 19:00:00",1.13730,1.13830,1.13590,1.13670,-0.00060,-0.052756529,0.00240,SELL,60.00000
"2003-08-11 20:00:00",1.13660,1.13720,1.13540,1.13630,-0.00030,-0.026394510,0.00180,SELL,30.00000
"2003-08-11 21:00:00",1.13620,1.13660,1.13460,1.13620,0.00000,0.000000000,0.00200,SELL,0.00000
"2003-08-11 22:00:00",1.13600,1.13680,1.13530,1.13600,0.00000,0.000000000,0.00150,SELL,0.00000
"2003-08-11 23:00:00",1.13600,1.13680,1.13520,1.13620,0.00020,0.017605634,0.00160,BUY,20.00000
"2003-08-12 00:00:00",1.13620,1.13660,1.13530,1.13600,-0.00020,-0.017602535,0.00130,SELL,20.00000
"2003-08-12 01:00:00",1.13600,1.13650,1.13540,1.13590,-0.00010,-0.008802817,0.00110,SELL,10.00000
"2003-08-12 02:00:00",1.13580,1.13650,1.13520,1.13540,-0.00040,-0.035217468,0.00130,SELL,40.00000
"2003-08-12 03:00:00",1.13540,1.13670,1.13530,1.13580,0.00040,0.035229875,0.00140,BUY,40.00000
"2003-08-12 04:00:00",1.13570,1.13620,1.13520,1.13570,0.00000,0.000000000,0.00100,SELL,0.00000
"2003-08-12 05:00:00",1.13570,1.13640,1.13540,1.13570,0.00000,0.000000000,0.00100,SELL,0.00000
"2003-08-12 06:00:00",1.13580,1.13610,1.13530,1.13590,0.00010,0.008804367,0.00080,BUY,10.00000
"2003-08-12 07:00:00",1.13590,1.13700,1.13520,1.13650,0.00060,0.052821551,0.00180,BUY,60.00000
"2003-08-12 08:00:00",1.13650,1.13700,1.13580,1.13620,-0.00030,-0.026396832,0.00120,SELL,30.00000
"2003-08-12 09:00:00",1.13620,1.13770,1.13520,1.13630,0.00010,0.008801267,0.00250,BUY,10.00000
"2003-08-12 10:00:00",1.13630,1.13730,1.13470,1.13560,-0.00070,-0.061603450,0.00260,SELL,70.00000
"2003-08-12 11:00:00",1.13560,1.13580,1.13250,1.13270,-0.00290,-0.255371610,0.00330,SELL,290.00000
"2003-08-12 12:00:00",1.13270,1.13390,1.13150,1.13260,-0.00010,-0.008828463,0.00240,SELL,10.00000
"2003-08-12 13:00:00",1.13250,1.13280,1.13080,1.13120,-0.00130,-0.114790287,0.00200,SELL,130.00000
"2003-08-12 14:00:00",1.13130,1.13190,1.12830,1.12910,-0.00220,-0.194466543,0.00360,SELL,220.00000
"2003-08-12 15:00:00",1.12910,1.13070,1.12870,1.12990,0.00080,0.070852892,0.00200,BUY,80.00000
"2003-08-12 16:00:00",1.12980,1.13040,1.12820,1.12940,-0.00040,-0.035404496,0.00220,SELL,40.00000
"2003-08-12 17:00:00",1.12940,1.13220,1.12930,1.13090,0.00150,0.132813883,0.00290,BUY,150.00000
"2003-08-12 18:00:00",1.13070,1.13220,1.12990,1.13030,-0.00040,-0.035376316,0.00230,SELL,40.00000
"2003-08-12 19:00:00",1.13030,1.13170,1.13020,1.13090,0.00060,0.053083252,0.00150,BUY,60.00000
"2003-08-12 20:00:00",1.13060,1.13300,1.13030,1.13100,0.00040,0.035379445,0.00270,BUY,40.00000
"2003-08-12 21:00:00",1.13100,1.13170,1.12860,1.12880,-0.00220,-0.194518126,0.00310,SELL,220.00000
"2003-08-12 22:00:00",1.12870,1.12910,1.12760,1.12840,-0.00030,-0.026579250,0.00150,SELL,30.00000
"2003-08-12 23:00:00",1.12830,1.12880,1.12730,1.12780,-0.00050,-0.044314455,0.00150,SELL,50.00000
"2003-08-13 00:00:00",1.12790,1.12800,1.12710,1.12730,-0.00060,-0.053196205,0.00090,SELL,60.00000
"2003-08-13 01:00:00",1.12720,1.12790,1.12690,1.12750,0.00030,0.026614620,0.00100,BUY,30.00000
"2003-08-13 02:00:00",1.12760,1.12850,1.12630,1.12670,-0.00090,-0.079815537,0.00220,SELL,90.00000
"2003-08-13 03:00:00",1.12650,1.12720,1.12520,1.12630,-0.00020,-0.017754106,0.00200,SELL,20.00000
"2003-08-13 04:00:00",1.12620,1.12770,1.12600,1.12720,0.00100,0.088794175,0.00170,BUY,100.00000
"2003-08-13 05:00:00",1.12720,1.12750,1.12550,1.12550,-0.00170,-0.150816182,0.00200,SELL,170.00000
"2003-08-13 06:00:00",1.12590,1.12720,1.12570,1.12630,0.00040,0.035527134,0.00150,BUY,40.00000
"2003-08-13 07:00:00",1.12640,1.12700,1.12410,1.12490,-0.00150,-0.133167614,0.00290,SELL,150.00000
"2003-08-13 08:00:00",1.12500,1.12610,1.12250,1.12280,-0.00220,-0.195555556,0.00360,SELL,220.00000
"2003-08-13 09:00:00",1.12260,1.12460,1.12180,1.12430,0.00170,0.151434171,0.00280,BUY,170.00000
"2003-08-13 10:00:00",1.12420,1.12550,1.12370,1.12520,0.00100,0.088952144,0.00180,BUY,100.00000
"2003-08-13 11:00:00",1.12510,1.12550,1.12390,1.12490,-0.00020,-0.017776198,0.00160,SELL,20.00000
"2003-08-13 12:00:00",1.12510,1.12760,1.12440,1.12660,0.00150,0.133321483,0.00320,BUY,150.00000
"2003-08-13 13:00:00",1.12630,1.12880,1.12600,1.12840,0.00210,0.186451212,0.00280,BUY,210.00000
"2003-08-13 14:00:00",1.12840,1.12930,1.12430,1.12550,-0.00290,-0.257001063,0.00500,SELL,290.00000
"2003-08-13 15:00:00",1.12550,1.12820,1.12510,1.12770,0.00220,0.195468681,0.00310,BUY,220.00000
"2003-08-13 16:00:00",1.12770,1.13020,1.12700,1.12980,0.00210,0.186219739,0.00320,BUY,210.00000
"2003-08-13 17:00:00",1.12990,1.13190,1.12900,1.13150,0.00160,0.141605452,0.00290,BUY,160.00000
"2003-08-13 18:00:00",1.13150,1.13340,1.13100,1.13170,0.00020,0.017675652,0.00240,BUY,20.00000
"2003-08-13 19:00:00",1.13120,1.13220,1.13070,1.13200,0.00080,0.070721358,0.00150,BUY,80.00000
"2003-08-13 20:00:00",1.13190,1.13240,1.13050,1.13120,-0.00070,-0.061842919,0.00190,SELL,70.00000
"2003-08-13 21:00:00",1.13120,1.13230,1.13090,1.13180,0.00060,0.053041018,0.00140,BUY,60.00000
"2003-08-13 22:00:00",1.13180,1.13270,1.13150,1.13240,0.00060,0.053012900,0.00120,BUY,60.00000
"2003-08-13 23:00:00",1.13230,1.13280,1.13160,1.13170,-0.00060,-0.052989490,0.00120,SELL,60.00000
"2003-08-14 00:00:00",1.13170,1.13220,1.13090,1.13150,-0.00020,-0.017672528,0.00130,SELL,20.00000
"2003-08-14 01:00:00",1.13150,1.13190,1.13090,1.13140,-0.00010,-0.008837826,0.00100,SELL,10.00000
"2003-08-14 02:00:00",1.13150,1.13420,1.13090,1.13290,0.00140,0.123729563,0.00330,BUY,140.00000
"2003-08-14 03:00:00",1.13290,1.13330,1.13210,1.13290,0.00000,0.000000000,0.00120,SELL,0.00000
"2003-08-14 04:00:00",1.13280,1.13310,1.13210,1.13270,-0.00010,-0.008827684,0.00100,SELL,10.00000
"2003-08-14 05:00:00",1.13270,1.13290,1.13200,1.13240,-0.00030,-0.026485389,0.00090,SELL,30.00000
"2003-08-14 06:00:00",1.13230,1.13350,1.13190,1.13260,0.00030,0.026494745,0.00160,BUY,30.00000
"2003-08-14 07:00:00",1.13270,1.13310,1.13160,1.13220,-0.00050,-0.044142315,0.00150,SELL,50.00000
"2003-08-14 08:00:00",1.13220,1.13280,1.13100,1.13260,0.00040,0.035329447,0.00180,BUY,40.00000
"2003-08-14 09:00:00",1.13260,1.13360,1.13150,1.13290,0.00030,0.026487727,0.00210,BUY,30.00000
"2003-08-14 10:00:00",1.13300,1.13370,1.13230,1.13270,-0.00030,-0.026478376,0.00140,SELL,30.00000
"2003-08-14 11:00:00",1.13280,1.13300,1.13080,1.13160,-0.00120,-0.105932203,0.00220,SELL,120.00000
"2003-08-14 12:00:00",1.13140,1.13220,1.12770,1.12830,-0.00310,-0.273996818,0.00450,SELL,310.00000
"2003-08-14 13:00:00",1.12830,1.12890,1.12740,1.12790,-0.00040,-0.035451564,0.00150,SELL,40.00000
"2003-08-14 14:00:00",1.12770,1.12850,1.12510,1.12640,-0.00130,-0.115278886,0.00340,SELL,130.00000
"2003-08-14 15:00:00",1.12640,1.12940,1.12560,1.12820,0.00180,0.159801136,0.00380,BUY,180.00000
"2003-08-14 16:00:00",1.12810,1.12980,1.12600,1.12640,-0.00170,-0.150695860,0.00380,SELL,170.00000
"2003-08-14 17:00:00",1.12630,1.12680,1.12360,1.12510,-0.00120,-0.106543550,0.00320,SELL,120.00000
"2003-08-14 18:00:00",1.12510,1.12530,1.12260,1.12350,-0.00160,-0.142209581,0.00270,SELL,160.00000
"2003-08-14 19:00:00",1.12360,1.12520,1.12300,1.12450,0.00090,0.080099680,0.00220,BUY,90.00000
"2003-08-14 20:00:00",1.12450,1.12580,1.12420,1.12490,0.00040,0.035571365,0.00160,BUY,40.00000
"2003-08-14 21:00:00",1.12480,1.12540,1.12400,1.12450,-0.00030,-0.026671408,0.00140,SELL,30.00000
"2003-08-14 22:00:00",1.12460,1.13170,1.12400,1.12640,0.00180,0.160056909,0.00770,BUY,180.00000
"2003-08-14 23:00:00",1.12660,1.12990,1.12550,1.12760,0.00100,0.088762649,0.00440,BUY,100.00000
"2003-08-15 00:00:00",1.12750,1.12790,1.12620,1.12720,-0.00030,-0.026607539,0.00170,SELL,30.00000
"2003-08-15 01:00:00",1.12720,1.12800,1.12600,1.12710,-0.00010,-0.008871540,0.00200,SELL,10.00000
"2003-08-15 02:00:00",1.12730,1.12780,1.12580,1.12670,-0.00060,-0.053224519,0.00200,SELL,60.00000
"2003-08-15 03:00:00",1.12660,1.12740,1.12520,1.12620,-0.00040,-0.035505059,0.00220,SELL,40.00000
"2003-08-15 04:00:00",1.12610,1.12700,1.12580,1.12630,0.00020,0.017760412,0.00120,BUY,20.00000
"2003-08-15 05:00:00",1.12650,1.12720,1.12590,1.12660,0.00010,0.008877053,0.00130,BUY,10.00000
"2003-08-15 06:00:00",1.12660,1.12720,1.12420,1.12490,-0.00170,-0.150896503,0.00300,SELL,170.00000
"2003-08-15 07:00:00",1.12470,1.12630,1.12450,1.12550,0.00080,0.071130079,0.00180,BUY,80.00000
"2003-08-15 08:00:00",1.12550,1.12720,1.12410,1.12640,0.00090,0.079964460,0.00310,BUY,90.00000
"2003-08-15 09:00:00",1.12660,1.12720,1.12540,1.12620,-0.00040,-0.035505059,0.00180,SELL,40.00000
"2003-08-15 10:00:00",1.12620,1.12700,1.12540,1.12630,0.00010,0.008879418,0.00160,BUY,10.00000
"2003-08-15 11:00:00",1.12630,1.12910,1.12590,1.12780,0.00150,0.133179437,0.00320,BUY,150.00000
"2003-08-15 12:00:00",1.12780,1.12860,1.12690,1.12690,-0.00090,-0.079801383,0.00170,SELL,90.00000
"2003-08-15 13:00:00",1.12700,1.12730,1.12510,1.12550,-0.00150,-0.133096717,0.00220,SELL,150.00000
"2003-08-15 14:00:00",1.12570,1.12720,1.12440,1.12590,0.00020,0.017766723,0.00280,BUY,20.00000
"2003-08-15 15:00:00",1.12590,1.12770,1.12510,1.12630,0.00040,0.035527134,0.00260,BUY,40.00000
"2003-08-15 16:00:00",1.12670,1.12730,1.12500,1.12610,-0.00060,-0.053252862,0.00230,SELL,60.00000
"2003-08-15 17:00:00",1.12600,1.12630,1.12440,1.12560,-0.00040,-0.035523979,0.00190,SELL,40.00000
"2003-08-15 18:00:00",1.12550,1.12640,1.12460,1.12550,0.00000,0.000000000,0.00180,SELL,0.00000
"2003-08-15 19:00:00",1.12560,1.12650,1.12500,1.12540,-0.00020,-0.017768301,0.00150,SELL,20.00000
"2003-08-15 20:00:00",1.12540,1.12620,1.12430,1.12540,0.00000,0.000000000,0.00190,SELL,0.00000
"2003-08-15 21:00:00",1.12550,1.12650,1.12500,1.12640,0.00090,0.079964460,0.00150,BUY,90.00000
"2003-08-15 22:00:00",1.12570,1.12690,1.12520,1.12670,0.00100,0.088833615,0.00170,BUY,100.00000
"2003-08-15 23:00:00",1.12670,1.12700,1.12560,1.12640,-0.00030,-0.026626431,0.00140,SELL,30.00000
"2003-08-18 00:00:00",1.12670,1.12700,1.12650,1.12670,0.00000,0.000000000,0.00050,SELL,0.00000
"2003-08-18 01:00:00",1.12660,1.12700,1.12590,1.12640,-0.00020,-0.017752530,0.00110,SELL,20.00000
"2003-08-18 02:00:00",1.12630,1.12720,1.12360,1.12450,-0.00180,-0.159815325,0.00360,SELL,180.00000
"2003-08-18 03:00:00",1.12470,1.12480,1.12260,1.12280,-0.00190,-0.168933938,0.00220,SELL,190.00000
"2003-08-18 04:00:00",1.12270,1.12400,1.12270,1.12310,0.00040,0.035628396,0.00130,BUY,40.00000
"2003-08-18 05:00:00",1.12320,1.12410,1.12290,1.12390,0.00070,0.062321937,0.00120,BUY,70.00000
"2003-08-18 06:00:00",1.12390,1.12460,1.12210,1.12280,-0.00110,-0.097873476,0.00250,SELL,110.00000
"2003-08-18 07:00:00",1.12280,1.12390,1.12260,1.12300,0.00020,0.017812611,0.00130,BUY,20.00000
"2003-08-18 08:00:00",1.12320,1.12380,1.12160,1.12330,0.00010,0.008903134,0.00220,BUY,10.00000
"2003-08-18 09:00:00",1.12330,1.12350,1.12190,1.12230,-0.00100,-0.089023413,0.00160,SELL,100.00000
"2003-08-18 10:00:00",1.12220,1.12400,1.12210,1.12280,0.00060,0.053466405,0.00190,BUY,60.00000
"2003-08-18 11:00:00",1.12260,1.12330,1.12200,1.12230,-0.00030,-0.026723677,0.00130,SELL,30.00000
"2003-08-18 12:00:00",1.12210,1.12260,1.11850,1.11880,-0.00330,-0.294091436,0.00410,SELL,330.00000
"2003-08-18 13:00:00",1.11880,1.11950,1.11760,1.11910,0.00030,0.026814444,0.00190,BUY,30.00000
"2003-08-18 14:00:00",1.11890,1.11960,1.11580,1.11710,-0.00180,-0.160872285,0.00380,SELL,180.00000
"2003-08-18 15:00:00",1.11720,1.11870,1.11650,1.11840,0.00120,0.107411386,0.00220,BUY,120.00000
"2003-08-18 16:00:00",1.11830,1.11930,1.11510,1.11600,-0.00230,-0.205669320,0.00420,SELL,230.00000
"2003-08-18 17:00:00",1.11600,1.11660,1.11310,1.11400,-0.00200,-0.179211470,0.00350,SELL,200.00000
"2003-08-18 18:00:00",1.11400,1.11480,1.11260,1.11430,0.00030,0.026929982,0.00220,BUY,30.00000
"2003-08-18 19:00:00",1.11430,1.11570,1.11360,1.11520,0.00090,0.080768195,0.00210,BUY,90.00000
"2003-08-18 20:00:00",1.11530,1.11570,1.11370,1.11520,-0.00010,-0.008966197,0.00200,SELL,10.00000
"2003-08-18 21:00:00",1.11510,1.11670,1.11440,1.11510,0.00000,0.000000000,0.00230,SELL,0.00000
"2003-08-18 22:00:00",1.11520,1.11560,1.11420,1.11430,-0.00090,-0.080703013,0.00140,SELL,90.00000
"2003-08-18 23:00:00",1.11480,1.11530,1.11430,1.11490,0.00010,0.008970219,0.00100,BUY,10.00000
"2003-08-19 00:00:00",1.11490,1.11540,1.11440,1.11490,0.00000,0.000000000,0.00100,SELL,0.00000
"2003-08-19 01:00:00",1.11500,1.11550,1.11390,1.11400,-0.00100,-0.089686099,0.00160,SELL,100.00000
"2003-08-19 02:00:00",1.11410,1.11450,1.11310,1.11450,0.00040,0.035903420,0.00140,BUY,40.00000
"2003-08-19 03:00:00",1.11440,1.11440,1.11190,1.11220,-0.00220,-0.197415650,0.00250,SELL,220.00000
"2003-08-19 04:00:00",1.11220,1.11370,1.11180,1.11320,0.00100,0.089911886,0.00190,BUY,100.00000
"2003-08-19 05:00:00",1.11330,1.11420,1.11310,1.11350,0.00020,0.017964610,0.00110,BUY,20.00000
"2003-08-19 06:00:00",1.11370,1.11420,1.11250,1.11270,-0.00100,-0.089790787,0.00170,SELL,100.00000
"2003-08-19 07:00:00",1.11270,1.11320,1.11180,1.11280,0.00010,0.008987148,0.00140,BUY,10.00000
"2003-08-19 08:00:00",1.11280,1.11310,1.10770,1.10900,-0.00380,-0.341480949,0.00540,SELL,380.00000
"2003-08-19 09:00:00",1.10890,1.11070,1.10810,1.10900,0.00010,0.009017946,0.00260,BUY,10.00000
"2003-08-19 10:00:00",1.10880,1.11100,1.10870,1.11070,0.00190,0.171356421,0.00230,BUY,190.00000
"2003-08-19 11:00:00",1.11050,1.11210,1.10980,1.11100,0.00050,0.045024764,0.00230,BUY,50.00000
"2003-08-19 12:00:00",1.11110,1.11210,1.10910,1.10980,-0.00130,-0.117001170,0.00300,SELL,130.00000
"2003-08-19 13:00:00",1.10990,1.11030,1.10560,1.10630,-0.00360,-0.324353545,0.00470,SELL,360.00000
"2003-08-19 14:00:00",1.10650,1.10890,1.10530,1.10710,0.00060,0.054225034,0.00360,BUY,60.00000
"2003-08-19 15:00:00",1.10700,1.10890,1.10610,1.10810,0.00110,0.099367660,0.00280,BUY,110.00000
"2003-08-19 16:00:00",1.10770,1.11180,1.10700,1.10910,0.00140,0.126388011,0.00480,BUY,140.00000
"2003-08-19 17:00:00",1.10910,1.11260,1.10800,1.11250,0.00340,0.306554864,0.00460,BUY,340.00000
"2003-08-19 18:00:00",1.11230,1.11380,1.11030,1.11330,0.00100,0.089903803,0.00350,BUY,100.00000
"2003-08-19 19:00:00",1.11320,1.11410,1.11160,1.11280,-0.00040,-0.035932447,0.00250,SELL,40.00000
"2003-08-19 20:00:00",1.11270,1.11520,1.11220,1.11440,0.00170,0.152781522,0.00300,BUY,170.00000
"2003-08-19 21:00:00",1.11440,1.11510,1.11330,1.11380,-0.00060,-0.053840632,0.00180,SELL,60.00000
"2003-08-19 22:00:00",1.11400,1.11430,1.11310,1.11390,-0.00010,-0.008976661,0.00120,SELL,10.00000
"2003-08-19 23:00:00",1.11380,1.11490,1.11340,1.11450,0.00070,0.062847908,0.00150,BUY,70.00000
"2003-08-20 00:00:00",1.11430,1.11500,1.11370,1.11380,-0.00050,-0.044871220,0.00130,SELL,50.00000
"2003-08-20 01:00:00",1.11380,1.11400,1.11240,1.11290,-0.00090,-0.080804453,0.00160,SELL,90.00000
"2003-08-20 02:00:00",1.11330,1.11360,1.11160,1.11170,-0.00160,-0.143716878,0.00200,SELL,160.00000
"2003-08-20 03:00:00",1.11180,1.11210,1.10970,1.11030,-0.00150,-0.134916352,0.00240,SELL,150.00000
"2003-08-20 04:00:00",1.11050,1.11090,1.10940,1.10990,-0.00060,-0.054029716,0.00150,SELL,60.00000
"2003-08-20 05:00:00",1.10980,1.11110,1.10970,1.11030,0.00050,0.045053163,0.00140,BUY,50.00000
"2003-08-20 06:00:00",1.11040,1.11110,1.10980,1.11070,0.00030,0.027017291,0.00130,BUY,30.00000
"2003-08-20 07:00:00",1.11090,1.11180,1.11030,1.11080,-0.00010,-0.009001710,0.00150,SELL,10.00000
"2003-08-20 08:00:00",1.11070,1.11310,1.11030,1.11250,0.00180,0.162059962,0.00280,BUY,180.00000
"2003-08-20 09:00:00",1.11240,1.11360,1.11090,1.11330,0.00090,0.080906149,0.00270,BUY,90.00000
"2003-08-20 10:00:00",1.11320,1.11360,1.11130,1.11200,-0.00120,-0.107797341,0.00230,SELL,120.00000
"2003-08-20 11:00:00",1.11210,1.11330,1.11100,1.11140,-0.00070,-0.062943980,0.00230,SELL,70.00000
"2003-08-20 12:00:00",1.11130,1.11210,1.10810,1.10840,-0.00290,-0.260955638,0.00400,SELL,290.00000
"2003-08-20 13:00:00",1.10820,1.11050,1.10820,1.11010,0.00190,0.171449197,0.00230,BUY,190.00000
"2003-08-20 14:00:00",1.10990,1.11300,1.10950,1.11240,0.00250,0.225245518,0.00350,BUY,250.00000
"2003-08-20 15:00:00",1.11230,1.11430,1.11100,1.11250,0.00020,0.017980761,0.00330,BUY,20.00000
"2003-08-20 16:00:00",1.11240,1.11450,1.11170,1.11180,-0.00060,-0.053937433,0.00280,SELL,60.00000
"2003-08-20 17:00:00",1.11200,1.11400,1.11030,1.11050,-0.00150,-0.134892086,0.00370,SELL,150.00000
"2003-08-20 18:00:00",1.11060,1.11270,1.11010,1.11120,0.00060,0.054024851,0.00260,BUY,60.00000
"2003-08-20 19:00:00",1.11140,1.11170,1.10970,1.11090,-0.00050,-0.044988303,0.00200,SELL,50.00000
"2003-08-20 20:00:00",1.11100,1.11250,1.11060,1.11220,0.00120,0.108010801,0.00190,BUY,120.00000
"2003-08-20 21:00:00",1.11230,1.11260,1.11070,1.11170,-0.00060,-0.053942282,0.00190,SELL,60.00000
"2003-08-20 22:00:00",1.11180,1.11290,1.11160,1.11190,0.00010,0.008994423,0.00130,BUY,10.00000
"2003-08-20 23:00:00",1.11190,1.11260,1.11150,1.11220,0.00030,0.026980844,0.00110,BUY,30.00000
"2003-08-21 00:00:00",1.11200,1.11250,1.11100,1.11140,-0.00060,-0.053956835,0.00150,SELL,60.00000
"2003-08-21 01:00:00",1.11150,1.11170,1.11050,1.11080,-0.00070,-0.062977958,0.00120,SELL,70.00000
"2003-08-21 02:00:00",1.11110,1.11130,1.10860,1.10880,-0.00230,-0.207002070,0.00270,SELL,230.00000
"2003-08-21 03:00:00",1.10870,1.10970,1.10830,1.10840,-0.00030,-0.027058717,0.00140,SELL,30.00000
"2003-08-21 04:00:00",1.10850,1.10970,1.10810,1.10880,0.00030,0.027063599,0.00160,BUY,30.00000
"2003-07-25 10:00:00",1.14920,1.14980,1.14800,1.14850,-0.00070,-0.060911939,0.00180,SELL,70.00000
"2003-07-25 11:00:00",1.14840,1.15070,1.14810,1.15010,0.00170,0.148032045,0.00260,BUY,170.00000
"2003-07-25 12:00:00",1.15040,1.15040,1.14820,1.14850,-0.00190,-0.165159944,0.00220,SELL,190.00000
"2003-07-25 13:00:00",1.14860,1.14890,1.14660,1.14830,-0.00030,-0.026118753,0.00230,SELL,30.00000
"2003-07-25 14:00:00",1.14810,1.14980,1.14440,1.14930,0.00120,0.104520512,0.00540,BUY,120.00000
"2003-07-25 15:00:00",1.14910,1.15120,1.14840,1.14930,0.00020,0.017404926,0.00280,BUY,20.00000
"2003-07-25 16:00:00",1.14930,1.15530,1.14830,1.15430,0.00500,0.435047420,0.00700,BUY,500.00000
"2003-07-25 17:00:00",1.15440,1.15450,1.14970,1.15130,-0.00310,-0.268537769,0.00480,SELL,310.00000
"2003-07-25 18:00:00",1.15150,1.15230,1.15000,1.15090,-0.00060,-0.052105949,0.00230,SELL,60.00000
"2003-07-25 19:00:00",1.15090,1.15200,1.15060,1.15140,0.00050,0.043444261,0.00140,BUY,50.00000
"2003-07-25 20:00:00",1.15150,1.15280,1.15040,1.15110,-0.00040,-0.034737299,0.00240,SELL,40.00000
"2003-07-25 21:00:00",1.15090,1.15200,1.15060,1.15110,0.00020,0.017377704,0.00140,BUY,20.00000
"2003-07-25 22:00:00",1.15110,1.15210,1.15040,1.15140,0.00030,0.026062028,0.00170,BUY,30.00000
"2003-07-25 23:00:00",1.15140,1.15170,1.15070,1.15130,-0.00010,-0.008685079,0.00100,SELL,10.00000
"2003-07-28 00:00:00",1.14970,1.15050,1.14950,1.14990,0.00020,0.017395842,0.00100,BUY,20.00000
"2003-07-28 01:00:00",1.15000,1.15050,1.14870,1.14910,-0.00090,-0.078260870,0.00180,SELL,90.00000
"2003-07-28 02:00:00",1.14940,1.14980,1.14820,1.14830,-0.00110,-0.095702105,0.00160,SELL,110.00000
"2003-07-28 03:00:00",1.14830,1.14900,1.14640,1.14770,-0.00060,-0.052251154,0.00260,SELL,60.00000
"2003-07-28 04:00:00",1.14740,1.14800,1.14650,1.14760,0.00020,0.017430713,0.00150,BUY,20.00000
"2003-07-28 05:00:00",1.14770,1.14820,1.14720,1.14740,-0.00030,-0.026139235,0.00100,SELL,30.00000
"2003-07-28 06:00:00",1.14740,1.14830,1.14730,1.14770,0.00030,0.026146069,0.00100,BUY,30.00000
"2003-07-28 07:00:00",1.14770,1.14840,1.14700,1.14790,0.00020,0.017426157,0.00140,BUY,20.00000
"2003-07-28 08:00:00",1.14780,1.14830,1.14540,1.14660,-0.00120,-0.104547831,0.00290,SELL,120.00000
"2003-07-28 09:00:00",1.14650,1.14900,1.14600,1.14870,0.00220,0.191888356,0.00300,BUY,220.00000
"2003-07-28 10:00:00",1.14870,1.15200,1.14720,1.15160,0.00290,0.252459302,0.00480,BUY,290.00000
"2003-07-28 11:00:00",1.15170,1.15230,1.14700,1.14740,-0.00430,-0.373361118,0.00530,SELL,430.00000
"2003-07-28 12:00:00",1.14750,1.14890,1.14620,1.14650,-0.00100,-0.087145969,0.00270,SELL,100.00000
"2003-07-28 13:00:00",1.14650,1.14740,1.14520,1.14670,0.00020,0.017444396,0.00220,BUY,20.00000
"2003-07-28 14:00:00",1.14670,1.15040,1.14650,1.14830,0.00160,0.139530828,0.00390,BUY,160.00000
"2003-07-28 15:00:00",1.14860,1.15020,1.14720,1.14900,0.00040,0.034825004,0.00300,BUY,40.00000
"2003-07-28 16:00:00",1.14890,1.15030,1.14830,1.14890,0.00000,0.000000000,0.00200,SELL,0.00000
"2003-07-28 17:00:00",1.14890,1.15000,1.14750,1.14990,0.00100,0.087039777,0.00250,BUY,100.00000
"2003-07-28 18:00:00",1.15000,1.15190,1.14910,1.15070,0.00070,0.060869565,0.00280,BUY,70.00000
"2003-07-28 19:00:00",1.15060,1.15140,1.14970,1.15050,-0.00010,-0.008691118,0.00170,SELL,10.00000
"2003-07-28 20:00:00",1.15020,1.15120,1.14970,1.15020,0.00000,0.000000000,0.00150,SELL,0.00000
"2003-07-28 21:00:00",1.15040,1.15070,1.14860,1.14940,-0.00100,-0.086926287,0.00210,SELL,100.00000
"2003-07-28 22:00:00",1.14930,1.15020,1.14880,1.14950,0.00020,0.017401897,0.00140,BUY,20.00000
"2003-07-28 23:00:00",1.14960,1.15030,1.14840,1.14890,-0.00070,-0.060890745,0.00190,SELL,70.00000
"2003-07-29 00:00:00",1.14870,1.14950,1.14850,1.14870,0.00000,0.000000000,0.00100,SELL,0.00000
"2003-07-29 01:00:00",1.14870,1.15010,1.14870,1.14900,0.00030,0.026116479,0.00140,BUY,30.00000
"2003-07-29 02:00:00",1.14890,1.14950,1.14840,1.14880,-0.00010,-0.008703978,0.00110,SELL,10.00000
"2003-07-29 03:00:00",1.14880,1.15050,1.14800,1.14990,0.00110,0.095752089,0.00250,BUY,110.00000
"2003-07-29 04:00:00",1.15000,1.15110,1.14910,1.15060,0.00060,0.052173913,0.00200,BUY,60.00000
"2003-07-29 05:00:00",1.15060,1.15090,1.14980,1.15070,0.00010,0.008691118,0.00110,BUY,10.00000
"2003-07-29 06:00:00",1.15060,1.15120,1.14990,1.15050,-0.00010,-0.008691118,0.00130,SELL,10.00000
"2003-07-29 07:00:00",1.15020,1.15180,1.14980,1.15100,0.00080,0.069553121,0.00200,BUY,80.00000
"2003-07-29 08:00:00",1.15120,1.15370,1.14980,1.15250,0.00130,0.112925643,0.00390,BUY,130.00000
"2003-07-29 09:00:00",1.15240,1.15290,1.15070,1.15140,-0.00100,-0.086775425,0.00220,SELL,100.00000
"2003-07-29 10:00:00",1.15150,1.15180,1.14980,1.15130,-0.00020,-0.017368650,0.00200,SELL,20.00000
"2003-07-29 11:00:00",1.15130,1.15160,1.14740,1.14940,-0.00190,-0.165030835,0.00420,SELL,190.00000
"2003-07-29 12:00:00",1.14960,1.14990,1.14730,1.14770,-0.00190,-0.165274878,0.00260,SELL,190.00000
"2003-07-29 13:00:00",1.14770,1.14840,1.14630,1.14730,-0.00040,-0.034852313,0.00210,SELL,40.00000
"2003-07-29 14:00:00",1.14760,1.14770,1.14520,1.14730,-0.00030,-0.026141513,0.00250,SELL,30.00000
"2003-07-29 15:00:00",1.14700,1.14960,1.14690,1.14890,0.00190,0.165649520,0.00270,BUY,190.00000
"2003-07-29 16:00:00",1.14890,1.15430,1.14810,1.15040,0.00150,0.130559666,0.00620,BUY,150.00000
"2003-07-29 17:00:00",1.15030,1.15090,1.14620,1.14690,-0.00340,-0.295575067,0.00470,SELL,340.00000
"2003-07-29 18:00:00",1.14690,1.14900,1.14600,1.14820,0.00130,0.113349028,0.00300,BUY,130.00000
"2003-07-29 19:00:00",1.14830,1.14900,1.14660,1.14730,-0.00100,-0.087085256,0.00240,SELL,100.00000
"2003-07-29 20:00:00",1.14720,1.14800,1.14540,1.14640,-0.00080,-0.069735007,0.00260,SELL,80.00000
"2003-07-29 21:00:00",1.14620,1.14700,1.14530,1.14590,-0.00030,-0.026173443,0.00170,SELL,30.00000
"2003-07-29 22:00:00",1.14570,1.14640,1.14360,1.14430,-0.00140,-0.122196037,0.00280,SELL,140.00000
"2003-07-29 23:00:00",1.14430,1.14490,1.14300,1.14400,-0.00030,-0.026216901,0.00190,SELL,30.00000
"2003-07-30 00:00:00",1.14410,1.14510,1.14370,1.14450,0.00040,0.034961979,0.00140,BUY,40.00000
"2003-07-30 01:00:00",1.14440,1.14560,1.14410,1.14450,0.00010,0.008738203,0.00150,BUY,10.00000
"2003-07-30 02:00:00",1.14430,1.14540,1.14400,1.14460,0.00030,0.026216901,0.00140,BUY,30.00000
"2003-07-30 03:00:00",1.14450,1.14550,1.14410,1.14500,0.00050,0.043687200,0.00140,BUY,50.00000
"2003-07-30 04:00:00",1.14490,1.14530,1.14410,1.14460,-0.00030,-0.026203162,0.00120,SELL,30.00000
"2003-07-30 05:00:00",1.14450,1.14480,1.14330,1.14450,0.00000,0.000000000,0.00150,SELL,0.00000
"2003-07-30 06:00:00",1.14440,1.14550,1.14390,1.14410,-0.00030,-0.026214610,0.00160,SELL,30.00000
"2003-07-30 07:00:00",1.14420,1.14480,1.14310,1.14360,-0.00060,-0.052438385,0.00170,SELL,60.00000
"2003-07-30 08:00:00",1.14370,1.14480,1.14250,1.14330,-0.00040,-0.034974207,0.00230,SELL,40.00000
"2003-07-30 09:00:00",1.14330,1.14480,1.14290,1.14330,0.00000,0.000000000,0.00190,SELL,0.00000
"2003-07-30 10:00:00",1.14320,1.14470,1.14280,1.14410,0.00090,0.078726382,0.00190,BUY,90.00000
"2003-07-30 11:00:00",1.14410,1.14540,1.14370,1.14380,-0.00030,-0.026221484,0.00170,SELL,30.00000
"2003-07-30 12:00:00",1.14380,1.14430,1.14300,1.14380,0.00000,0.000000000,0.00130,SELL,0.00000
"2003-07-30 13:00:00",1.14370,1.14420,1.14090,1.14220,-0.00150,-0.131153274,0.00330,SELL,150.00000
"2003-07-30 14:00:00",1.14230,1.14290,1.13980,1.14060,-0.00170,-0.148822551,0.00310,SELL,170.00000
"2003-07-30 15:00:00",1.14090,1.14200,1.13810,1.13990,-0.00100,-0.087650101,0.00390,SELL,100.00000
"2003-07-30 16:00:00",1.13970,1.14130,1.13850,1.13890,-0.00080,-0.070193911,0.00280,SELL,80.00000
"2003-07-30 17:00:00",1.13890,1.13920,1.13520,1.13690,-0.00200,-0.175608043,0.00400,SELL,200.00000
"2003-07-30 18:00:00",1.13700,1.13810,1.13550,1.13760,0.00060,0.052770449,0.00260,BUY,60.00000
"2003-07-30 19:00:00",1.13770,1.13830,1.13570,1.13660,-0.00110,-0.096686297,0.00260,SELL,110.00000
"2003-07-30 20:00:00",1.13650,1.13770,1.13550,1.13590,-0.00060,-0.052793665,0.00220,SELL,60.00000
"2003-07-30 21:00:00",1.13580,1.13680,1.13360,1.13420,-0.00160,-0.140869871,0.00320,SELL,160.00000
"2003-07-30 22:00:00",1.13420,1.13490,1.13390,1.13440,0.00020,0.017633574,0.00100,BUY,20.00000
"2003-07-30 23:00:00",1.13430,1.13750,1.13420,1.13580,0.00150,0.132240148,0.00330,BUY,150.00000
"2003-07-31 00:00:00",1.13570,1.13630,1.13430,1.13510,-0.00060,-0.052830853,0.00200,SELL,60.00000
"2003-07-31 01:00:00",1.13510,1.13600,1.13400,1.13460,-0.00050,-0.044048982,0.00200,SELL,50.00000
"2003-07-31 02:00:00",1.13460,1.13630,1.13420,1.13570,0.00110,0.096950467,0.00210,BUY,110.00000
"2003-07-31 03:00:00",1.13580,1.13670,1.13390,1.13430,-0.00150,-0.132065504,0.00280,SELL,150.00000
"2003-07-31 04:00:00",1.13430,1.13480,1.13320,1.13380,-0.00050,-0.044080049,0.00160,SELL,50.00000
"2003-07-31 05:00:00",1.13390,1.13480,1.13340,1.13370,-0.00020,-0.017638240,0.00140,SELL,20.00000
"2003-07-31 06:00:00",1.13400,1.13460,1.13220,1.13260,-0.00140,-0.123456790,0.00240,SELL,140.00000
"2003-07-31 07:00:00",1.13270,1.13400,1.13160,1.13350,0.00080,0.070627704,0.00240,BUY,80.00000
"2003-07-31 08:00:00",1.13350,1.13500,1.13290,1.13320,-0.00030,-0.026466696,0.00210,SELL,30.00000
"2003-07-31 09:00:00",1.13350,1.13440,1.13210,1.13290,-0.00060,-0.052933392,0.00230,SELL,60.00000
"2003-07-31 10:00:00",1.13280,1.13380,1.13210,1.13300,0.00020,0.017655367,0.00170,BUY,20.00000
"2003-07-31 11:00:00",1.13300,1.13370,1.13070,1.13120,-0.00180,-0.158870256,0.00300,SELL,180.00000
"2003-07-31 12:00:00",1.13100,1.13200,1.12980,1.13080,-0.00020,-0.017683466,0.00220,SELL,20.00000
"2003-07-31 13:00:00",1.13070,1.13180,1.12870,1.13140,0.00070,0.061908552,0.00310,BUY,70.00000
"2003-07-31 14:00:00",1.13120,1.13360,1.12780,1.12850,-0.00270,-0.238684583,0.00580,SELL,270.00000
"2003-07-31 15:00:00",1.12860,1.13070,1.12800,1.12880,0.00020,0.017721070,0.00270,BUY,20.00000
"2003-07-31 16:00:00",1.12900,1.12900,1.12500,1.12550,-0.00350,-0.310008857,0.00400,SELL,350.00000
"2003-07-31 17:00:00",1.12540,1.12640,1.12250,1.12330,-0.00210,-0.186600320,0.00390,SELL,210.00000
"2003-07-31 18:00:00",1.12330,1.12500,1.12290,1.12360,0.00030,0.026707024,0.00210,BUY,30.00000
"2003-07-31 19:00:00",1.12350,1.12400,1.12260,1.12350,0.00000,0.000000000,0.00140,SELL,0.00000
"2003-07-31 20:00:00",1.12330,1.12450,1.12270,1.12400,0.00070,0.062316389,0.00180,BUY,70.00000
"2003-07-31 21:00:00",1.12400,1.12490,1.12300,1.12430,0.00030,0.026690391,0.00190,BUY,30.00000
"2003-07-31 22:00:00",1.12430,1.12470,1.12280,1.12310,-0.00120,-0.106733078,0.00190,SELL,120.00000
"2003-07-31 23:00:00",1.12320,1.12380,1.12280,1.12330,0.00010,0.008903134,0.00100,BUY,10.00000
"2003-08-01 00:00:00",1.12340,1.12470,1.12310,1.12400,0.00060,0.053409293,0.00160,BUY,60.00000
"2003-08-01 01:00:00",1.12390,1.12440,1.12310,1.12350,-0.00040,-0.035590355,0.00130,SELL,40.00000
"2003-08-01 02:00:00",1.12340,1.12430,1.12250,1.12280,-0.00060,-0.053409293,0.00180,SELL,60.00000
"2003-08-01 03:00:00",1.12310,1.12400,1.12270,1.12360,0.00050,0.044519633,0.00130,BUY,50.00000
"2003-08-01 04:00:00",1.12350,1.12460,1.12320,1.12420,0.00070,0.062305296,0.00140,BUY,70.00000
"2003-08-01 05:00:00",1.12410,1.12460,1.12360,1.12410,0.00000,0.000000000,0.00100,SELL,0.00000
"2003-08-01 06:00:00",1.12370,1.12440,1.12300,1.12340,-0.00030,-0.026697517,0.00140,SELL,30.00000
"2003-08-01 07:00:00",1.12340,1.12380,1.12100,1.12170,-0.00170,-0.151326331,0.00280,SELL,170.00000
"2003-08-01 08:00:00",1.12160,1.12250,1.11990,1.12050,-0.00110,-0.098074180,0.00260,SELL,110.00000
"2003-08-01 09:00:00",1.12040,1.12170,1.11970,1.12110,0.00070,0.062477687,0.00200,BUY,70.00000
"2003-08-01 10:00:00",1.12070,1.12130,1.11340,1.11580,-0.00490,-0.437226733,0.00790,SELL,490.00000
"2003-08-01 11:00:00",1.11590,1.11890,1.11500,1.11750,0.00160,0.143382023,0.00390,BUY,160.00000
"2003-08-01 12:00:00",1.11760,1.11870,1.11600,1.11630,-0.00130,-0.116320687,0.00270,SELL,130.00000
"2003-08-01 13:00:00",1.11640,1.11780,1.11540,1.11660,0.00020,0.017914726,0.00240,BUY,20.00000
"2003-08-01 14:00:00",1.11660,1.12180,1.11560,1.11790,0.00130,0.116424861,0.00620,BUY,130.00000
"2003-08-01 15:00:00",1.11800,1.12080,1.11750,1.11970,0.00170,0.152057245,0.00330,BUY,170.00000
"2003-08-01 16:00:00",1.11940,1.12770,1.11920,1.12540,0.00600,0.536001429,0.00850,BUY,600.00000
"2003-08-01 17:00:00",1.12550,1.12710,1.12380,1.12550,0.00000,0.000000000,0.00330,SELL,0.00000
"2003-08-01 18:00:00",1.12520,1.12620,1.12450,1.12540,0.00020,0.017774618,0.00170,BUY,20.00000
"2003-08-01 19:00:00",1.12520,1.12560,1.12400,1.12460,-0.00060,-0.053323854,0.00160,SELL,60.00000
"2003-08-01 20:00:00",1.12480,1.12690,1.12420,1.12620,0.00140,0.124466572,0.00270,BUY,140.00000
"2003-08-01 21:00:00",1.12640,1.12720,1.12600,1.12630,-0.00010,-0.008877841,0.00120,SELL,10.00000
"2003-08-01 22:00:00",1.12610,1.12790,1.12600,1.12750,0.00140,0.124322884,0.00190,BUY,140.00000
"2003-08-01 23:00:00",1.12760,1.12850,1.12740,1.12760,0.00000,0.000000000,0.00110,SELL,0.00000
"2003-08-04 00:00:00",1.12840,1.12860,1.12730,1.12830,-0.00010,-0.008862106,0.00130,SELL,10.00000
"2003-08-04 01:00:00",1.12810,1.12840,1.12650,1.12710,-0.00100,-0.088644624,0.00190,SELL,100.00000
"2003-08-04 02:00:00",1.12700,1.12820,1.12640,1.12690,-0.00010,-0.008873114,0.00180,SELL,10.00000
"2003-08-04 03:00:00",1.12680,1.12720,1.12610,1.12650,-0.00030,-0.026624068,0.00110,SELL,30.00000
"2003-08-04 04:00:00",1.12660,1.12780,1.12640,1.12640,-0.00020,-0.017752530,0.00140,SELL,20.00000
"2003-08-04 05:00:00",1.12660,1.12720,1.12610,1.12690,0.00030,0.026628795,0.00110,BUY,30.00000
"2003-08-04 06:00:00",1.12690,1.12810,1.12660,1.12730,0.00040,0.035495607,0.00150,BUY,40.00000
"2003-08-04 07:00:00",1.12730,1.12820,1.12690,1.12720,-0.00010,-0.008870753,0.00130,SELL,10.00000
"2003-08-04 08:00:00",1.12720,1.12790,1.12610,1.12680,-0.00040,-0.035486160,0.00180,SELL,40.00000
"2003-08-04 09:00:00",1.12680,1.13160,1.12630,1.13140,0.00460,0.408235712,0.00530,BUY,460.00000
"2003-08-04 10:00:00",1.13140,1.13170,1.12880,1.13030,-0.00110,-0.097224677,0.00290,SELL,110.00000
"2003-08-04 11:00:00",1.13040,1.13090,1.12920,1.13020,-0.00020,-0.017692852,0.00170,SELL,20.00000
"2003-08-04 12:00:00",1.13030,1.13120,1.12980,1.13040,0.00010,0.008847209,0.00140,BUY,10.00000
"2003-08-04 13:00:00",1.13020,1.13220,1.12980,1.13130,0.00110,0.097327907,0.00240,BUY,110.00000
"2003-08-04 14:00:00",1.13160,1.13190,1.12960,1.13030,-0.00130,-0.114881584,0.00230,SELL,130.00000
"2003-08-04 15:00:00",1.13030,1.13210,1.12980,1.13160,0.00130,0.115013713,0.00230,BUY,130.00000
"2003-08-04 16:00:00",1.13170,1.13500,1.13080,1.13360,0.00190,0.167889017,0.00420,BUY,190.00000
"2003-08-04 17:00:00",1.13370,1.13470,1.13280,1.13370,0.00000,0.000000000,0.00190,SELL,0.00000
"2003-08-04 18:00:00",1.13380,1.13780,1.13340,1.13640,0.00260,0.229317340,0.00440,BUY,260.00000
"2003-08-04 19:00:00",1.13630,1.13720,1.13500,1.13590,-0.00040,-0.035201971,0.00220,SELL,40.00000
"2003-08-04 20:00:00",1.13600,1.13670,1.13420,1.13550,-0.00050,-0.044014085,0.00250,SELL,50.00000
"2003-08-04 21:00:00",1.13530,1.13670,1.13500,1.13580,0.00050,0.044041223,0.00170,BUY,50.00000
"2003-08-04 22:00:00",1.13580,1.13660,1.13530,1.13580,0.00000,0.000000000,0.00130,SELL,0.00000
"2003-08-04 23:00:00",1.13610,1.13680,1.13520,1.13550,-0.00060,-0.052812252,0.00160,SELL,60.00000
"2003-08-05 00:00:00",1.13560,1.13610,1.13470,1.13530,-0.00030,-0.026417753,0.00140,SELL,30.00000
"2003-08-05 01:00:00",1.13510,1.13580,1.13420,1.13530,0.00020,0.017619593,0.00160,BUY,20.00000
"2003-08-05 02:00:00",1.13520,1.13620,1.13430,1.13490,-0.00030,-0.026427061,0.00190,SELL,30.00000
"2003-08-05 03:00:00",1.13500,1.13570,1.13430,1.13540,0.00040,0.035242291,0.00140,BUY,40.00000
"2003-08-05 04:00:00",1.13550,1.13620,1.13520,1.13520,-0.00030,-0.026420079,0.00100,SELL,30.00000
"2003-08-05 05:00:00",1.13530,1.13590,1.13500,1.13550,0.00020,0.017616489,0.00090,BUY,20.00000
"2003-08-05 06:00:00",1.13560,1.13660,1.13510,1.13570,0.00010,0.008805918,0.00150,BUY,10.00000
"2003-08-05 07:00:00",1.13600,1.13680,1.13530,1.13590,-0.00010,-0.008802817,0.00150,SELL,10.00000
"2003-08-05 08:00:00",1.13590,1.13720,1.13520,1.13670,0.00080,0.070428735,0.00200,BUY,80.00000
"2003-08-05 09:00:00",1.13650,1.13840,1.13550,1.13740,0.00090,0.079190497,0.00290,BUY,90.00000
"2003-08-05 10:00:00",1.13740,1.13810,1.13430,1.13510,-0.00230,-0.202215579,0.00380,SELL,230.00000
"2003-08-05 11:00:00",1.13550,1.13580,1.13280,1.13310,-0.00240,-0.211360634,0.00300,SELL,240.00000
"2003-08-05 12:00:00",1.13330,1.13400,1.13250,1.13280,-0.00050,-0.044118945,0.00150,SELL,50.00000
"2003-08-05 13:00:00",1.13280,1.13430,1.13190,1.13390,0.00110,0.097104520,0.00240,BUY,110.00000
"2003-08-05 14:00:00",1.13390,1.13430,1.13080,1.13180,-0.00210,-0.185201517,0.00350,SELL,210.00000
"2003-08-05 15:00:00",1.13160,1.13400,1.13090,1.13320,0.00160,0.141392718,0.00310,BUY,160.00000
"2003-08-05 16:00:00",1.13320,1.13570,1.13070,1.13460,0.00140,0.123543946,0.00500,BUY,140.00000
"2003-08-05 17:00:00",1.13460,1.13620,1.13430,1.13490,0.00030,0.026441036,0.00190,BUY,30.00000
"2003-08-05 18:00:00",1.13490,1.13550,1.13310,1.13380,-0.00110,-0.096924839,0.00240,SELL,110.00000
"2003-08-05 19:00:00",1.13380,1.13530,1.13360,1.13460,0.00080,0.070559182,0.00170,BUY,80.00000
"2003-08-05 20:00:00",1.13450,1.13540,1.13390,1.13510,0.00060,0.052886734,0.00150,BUY,60.00000
"2003-08-05 21:00:00",1.13510,1.13760,1.13420,1.13720,0.00210,0.185005726,0.00340,BUY,210.00000
"2003-08-05 22:00:00",1.13740,1.14030,1.13710,1.13820,0.00080,0.070335854,0.00320,BUY,80.00000
"2003-08-05 23:00:00",1.13800,1.14000,1.13790,1.13890,0.00090,0.079086116,0.00210,BUY,90.00000
"2003-08-06 00:00:00",1.13890,1.13970,1.13850,1.13940,0.00050,0.043902011,0.00120,BUY,50.00000
"2003-08-06 01:00:00",1.13930,1.14010,1.13930,1.13940,0.00010,0.008777319,0.00080,BUY,10.00000
"2003-08-06 02:00:00",1.13940,1.13970,1.13840,1.13860,-0.00080,-0.070212392,0.00130,SELL,80.00000
"2003-08-06 03:00:00",1.13860,1.14020,1.13860,1.13970,0.00110,0.096609872,0.00160,BUY,110.00000
"2003-08-06 04:00:00",1.13960,1.14080,1.13920,1.14020,0.00060,0.052650053,0.00160,BUY,60.00000
"2003-08-06 05:00:00",1.14040,1.14130,1.14000,1.14030,-0.00010,-0.008768853,0.00130,SELL,10.00000
"2003-08-06 06:00:00",1.14030,1.14120,1.13990,1.14080,0.00050,0.043848110,0.00130,BUY,50.00000
"2003-08-06 07:00:00",1.14080,1.14140,1.13930,1.13970,-0.00110,-0.096423562,0.00210,SELL,110.00000
"2003-08-06 08:00:00",1.13980,1.14210,1.13950,1.14180,0.00200,0.175469381,0.00260,BUY,200.00000
"2003-08-06 09:00:00",1.14160,1.14300,1.14020,1.14040,-0.00120,-0.105115627,0.00280,SELL,120.00000
"2003-08-06 10:00:00",1.14030,1.14210,1.13990,1.14020,-0.00010,-0.008769622,0.00220,SELL,10.00000
"2003-08-06 11:00:00",1.14000,1.14110,1.13870,1.13910,-0.00090,-0.078947368,0.00240,SELL,90.00000
"2003-08-06 12:00:00",1.13940,1.13990,1.13800,1.13840,-0.00100,-0.087765491,0.00190,SELL,100.00000
"2003-08-06 13:00:00",1.13860,1.13930,1.13810,1.13900,0.00040,0.035130862,0.00120,BUY,40.00000
"2003-08-06 14:00:00",1.13920,1.13980,1.13610,1.13710,-0.00210,-0.184339888,0.00370,SELL,210.00000
"2003-08-06 15:00:00",1.13720,1.13860,1.13570,1.13780,0.00060,0.052761168,0.00290,BUY,60.00000
"2003-08-06 16:00:00",1.13760,1.13980,1.13660,1.13750,-0.00010,-0.008790436,0.00320,SELL,10.00000
"2003-08-06 17:00:00",1.13760,1.13860,1.13530,1.13600,-0.00160,-0.140646976,0.00330,SELL,160.00000
"2003-08-06 18:00:00",1.13590,1.13780,1.13540,1.13720,0.00130,0.114446694,0.00240,BUY,130.00000
"2003-08-06 19:00:00",1.13720,1.13780,1.13350,1.13390,-0.00330,-0.290186423,0.00430,SELL,330.00000
"2003-08-06 20:00:00",1.13380,1.13490,1.13270,1.13490,0.00110,0.097018875,0.00220,BUY,110.00000
"2003-08-06 21:00:00",1.13470,1.13590,1.13390,1.13470,0.00000,0.000000000,0.00200,SELL,0.00000
"2003-08-06 22:00:00",1.13470,1.13530,1.13300,1.13340,-0.00130,-0.114567727,0.00230,SELL,130.00000
"2003-08-06 23:00:00",1.13350,1.13450,1.13300,1.13360,0.00010,0.008822232,0.00150,BUY,10.00000
"2003-08-07 00:00:00",1.13370,1.13450,1.13300,1.13390,0.00020,0.017641351,0.00150,BUY,20.00000
"2003-08-07 01:00:00",1.13410,1.13500,1.13350,1.13410,0.00000,0.000000000,0.00150,SELL,0.00000
"2003-08-07 02:00:00",1.13410,1.13500,1.13370,1.13400,-0.00010,-0.008817565,0.00130,SELL,10.00000
"2003-08-07 03:00:00",1.13420,1.13440,1.13290,1.13340,-0.00080,-0.070534297,0.00150,SELL,80.00000
"2003-08-07 04:00:00",1.13340,1.13400,1.13280,1.13320,-0.00020,-0.017646021,0.00120,SELL,20.00000
"2003-08-07 05:00:00",1.13360,1.13360,1.13270,1.13300,-0.00060,-0.052928723,0.00090,SELL,60.00000
"2003-08-07 06:00:00",1.13280,1.13430,1.13280,1.13370,0.00090,0.079449153,0.00150,BUY,90.00000
"2003-08-07 07:00:00",1.13370,1.13450,1.13320,1.13400,0.00030,0.026462027,0.00130,BUY,30.00000
"2003-08-07 08:00:00",1.13400,1.13430,1.13190,1.13350,-0.00050,-0.044091711,0.00240,SELL,50.00000
"2003-08-07 09:00:00",1.13330,1.13600,1.13310,1.13570,0.00240,0.211770934,0.00290,BUY,240.00000
"2003-08-07 10:00:00",1.13540,1.13580,1.13400,1.13480,-0.00060,-0.052844812,0.00180,SELL,60.00000
"2003-08-07 11:00:00",1.13470,1.13730,1.13430,1.13640,0.00170,0.149819336,0.00300,BUY,170.00000
"2003-08-07 12:00:00",1.13630,1.13710,1.13510,1.13550,-0.00080,-0.070403943,0.00200,SELL,80.00000
"2003-08-07 13:00:00",1.13530,1.13700,1.13510,1.13570,0.00040,0.035232978,0.00190,BUY,40.00000
"2003-08-07 14:00:00",1.13550,1.13790,1.13490,1.13640,0.00090,0.079260238,0.00300,BUY,90.00000
"2003-08-07 15:00:00",1.13640,1.14110,1.13600,1.13890,0.00250,0.219992960,0.00510,BUY,250.00000
"2003-08-07 16:00:00",1.13890,1.14110,1.13770,1.14070,0.00180,0.158047239,0.00340,BUY,180.00000
"2003-08-07 17:00:00",1.14070,1.14190,1.13870,1.13990,-0.00080,-0.070132375,0.00320,SELL,80.00000
"2003-08-07 18:00:00",1.14000,1.14070,1.13730,1.13850,-0.00150,-0.131578947,0.00340,SELL,150.00000
"2003-08-07 19:00:00",1.13820,1.13910,1.13660,1.13690,-0.00130,-0.114215428,0.00250,SELL,130.00000
"2003-08-07 20:00:00",1.13690,1.13790,1.13630,1.13710,0.00020,0.017591697,0.00160,BUY,20.00000
"2003-08-07 21:00:00",1.13710,1.13780,1.13640,1.13730,0.00020,0.017588603,0.00140,BUY,20.00000
"2003-08-07 22:00:00",1.13730,1.13790,1.13650,1.13730,0.00000,0.000000000,0.00140,SELL,0.00000
"2003-08-07 23:00:00",1.13720,1.13870,1.13710,1.13760,0.00040,0.035174112,0.00160,BUY,40.00000
"2003-08-08 00:00:00",1.13760,1.13840,1.13750,1.13760,0.00000,0.000000000,0.00090,SELL,0.00000
"2003-08-08 01:00:00",1.13810,1.13820,1.13630,1.13650,-0.00160,-0.140585186,0.00190,SELL,160.00000
"2003-08-08 02:00:00",1.13650,1.13740,1.13610,1.13660,0.00010,0.008798944,0.00130,BUY,10.00000
"2003-08-08 03:00:00",1.13650,1.13710,1.13550,1.13590,-0.00060,-0.052793665,0.00160,SELL,60.00000
"2003-08-08 04:00:00",1.13600,1.13650,1.13520,1.13570,-0.00030,-0.026408451,0.00130,SELL,30.00000
"2003-08-08 05:00:00",1.13570,1.13670,1.13530,1.13630,0.00060,0.052830853,0.00140,BUY,60.00000
"2003-08-08 06:00:00",1.13630,1.13650,1.13540,1.13610,-0.00020,-0.017600986,0.00110,SELL,20.00000
"2003-08-08 07:00:00",1.13600,1.13710,1.13560,1.13670,0.00070,0.061619718,0.00150,BUY,70.00000
"2003-08-08 08:00:00",1.13690,1.13820,1.13620,1.13760,0.00070,0.061570939,0.00200,BUY,70.00000
"2003-08-08 09:00:00",1.13760,1.13820,1.13330,1.13400,-0.00360,-0.316455696,0.00490,SELL,360.00000
"2003-08-08 10:00:00",1.13410,1.13490,1.13280,1.13290,-0.00120,-0.105810775,0.00210,SELL,120.00000
"2003-08-08 11:00:00",1.13310,1.13470,1.13290,1.13380,0.00070,0.061777425,0.00180,BUY,70.00000
"2003-08-08 12:00:00",1.13390,1.13600,1.13350,1.13450,0.00060,0.052914719,0.00250,BUY,60.00000
"2003-08-08 13:00:00",1.13480,1.13490,1.13250,1.13340,-0.00140,-0.123369757,0.00240,SELL,140.00000
"2003-08-08 14:00:00",1.13320,1.13380,1.13050,1.13150,-0.00170,-0.150017649,0.00330,SELL,170.00000
"2003-08-08 15:00:00",1.13160,1.13480,1.13140,1.13460,0.00300,0.265111347,0.00340,BUY,300.00000
"2003-08-08 16:00:00",1.13430,1.13500,1.13200,1.13260,-0.00170,-0.149872168,0.00300,SELL,170.00000
"2003-08-08 17:00:00",1.13270,1.13430,1.13130,1.13190,-0.00080,-0.070627704,0.00300,SELL,80.00000
"2003-08-08 18:00:00",1.13220,1.13340,1.12860,1.13050,-0.00170,-0.150150150,0.00480,SELL,170.00000
"2003-08-08 19:00:00",1.13050,1.13170,1.12970,1.13050,0.00000,0.000000000,0.00200,SELL,0.00000
"2003-08-08 20:00:00",1.13090,1.13110,1.12890,1.12940,-0.00150,-0.132637722,0.00220,SELL,150.00000
"2003-08-08 21:00:00",1.12950,1.13080,1.12930,1.13050,0.00100,0.088534750,0.00150,BUY,100.00000
"2003-08-08 22:00:00",1.13060,1.13140,1.12990,1.13090,0.00030,0.026534583,0.00150,BUY,30.00000
"2003-08-08 23:00:00",1.13090,1.13120,1.13040,1.13070,-0.00020,-0.017685030,0.00080,SELL,20.00000
"2003-08-11 00:00:00",1.13060,1.13070,1.12970,1.12970,-0.00090,-0.079603750,0.00100,SELL,90.00000
"2003-08-11 01:00:00",1.12970,1.13050,1.12930,1.12940,-0.00030,-0.026555723,0.00120,SELL,30.00000
"2003-08-11 02:00:00",1.12950,1.12960,1.12810,1.12840,-0.00110,-0.097388225,0.00150,SELL,110.00000
"2003-08-11 03:00:00",1.12830,1.12920,1.12770,1.12820,-0.00010,-0.008862891,0.00150,SELL,10.00000
"2003-08-11 04:00:00",1.12840,1.12860,1.12660,1.12740,-0.00100,-0.088621056,0.00200,SELL,100.00000
"2003-08-11 05:00:00",1.12730,1.12800,1.12720,1.12750,0.00020,0.017741506,0.00080,BUY,20.00000
"2003-08-11 06:00:00",1.12750,1.12910,1.12740,1.12860,0.00110,0.097560976,0.00170,BUY,110.00000
"2003-08-11 07:00:00",1.12850,1.12910,1.12770,1.12870,0.00020,0.017722641,0.00140,BUY,20.00000
"2003-08-11 08:00:00",1.12880,1.12930,1.12700,1.12800,-0.00080,-0.070871722,0.00230,SELL,80.00000
"2003-08-11 09:00:00",1.12800,1.12940,1.12660,1.12790,-0.00010,-0.008865248,0.00280,SELL,10.00000
"2003-08-11 10:00:00",1.12800,1.12880,1.12680,1.12770,-0.00030,-0.026595745,0.00200,SELL,30.00000
"2003-08-11 11:00:00",1.12760,1.12860,1.12700,1.12770,0.00010,0.008868393,0.00160,BUY,10.00000
"2003-08-11 12:00:00",1.12760,1.12850,1.12640,1.12710,-0.00050,-0.044341965,0.00210,SELL,50.00000
"2003-08-11 13:00:00",1.12720,1.12870,1.12650,1.12760,0.00040,0.035486160,0.00220,BUY,40.00000
"2003-08-11 14:00:00",1.12770,1.13210,1.12740,1.13180,0.00410,0.363571872,0.00470,BUY,410.00000
"2003-08-11 15:00:00",1.13170,1.13420,1.13150,1.13300,0.00130,0.114871432,0.00270,BUY,130.00000
"2003-08-11 16:00:00",1.13290,1.13370,1.13140,1.13230,-0.00060,-0.052961426,0.00230,SELL,60.00000
"2003-08-11 17:00:00",1.13210,1.13540,1.13130,1.13480,0.00270,0.238494833,0.00410,BUY,270.00000
"2003-08-11 18:00:00",1.13470,1.13740,1.13460,1.13690,0.00220,0.193883846,0.00280,BUY,220.00000
"2003-08-11 19:00:00",1.13730,1.13830,1.13590,1.13670,-0.00060,-0.052756529,0.00240,SELL,60.00000
"2003-08-11 20:00:00",1.13660,1.13720,1.13540,1.13630,-0.00030,-0.026394510,0.00180,SELL,30.00000
"2003-08-11 21:00:00",1.13620,1.13660,1.13460,1.13620,0.00000,0.000000000,0.00200,SELL,0.00000
"2003-08-11 22:00:00",1.13600,1.13680,1.13530,1.13600,0.00000,0.000000000,0.00150,SELL,0.00000
"2003-08-11 23:00:00",1.13600,1.13680,1.13520,1.13620,0.00020,0.017605634,0.00160,BUY,20.00000
"2003-08-12 00:00:00",1.13620,1.13660,1.13530,1.13600,-0.00020,-0.017602535,0.00130,SELL,20.00000
"2003-08-12 01:00:00",1.13600,1.13650,1.13540,1.13590,-0.00010,-0.008802817,0.00110,SELL,10.00000
"2003-08-12 02:00:00",1.13580,1.13650,1.13520,1.13540,-0.00040,-0.035217468,0.00130,SELL,40.00000
"2003-08-12 03:00:00",1.13540,1.13670,1.13530,1.13580,0.00040,0.035229875,0.00140,BUY,40.00000
"2003-08-12 04:00:00",1.13570,1.13620,1.13520,1.13570,0.00000,0.000000000,0.00100,SELL,0.00000
"2003-08-12 05:00:00",1.13570,1.13640,1.13540,1.13570,0.00000,0.000000000,0.00100,SELL,0.00000
"2003-08-12 06:00:00",1.13580,1.13610,1.13530,1.13590,0.00010,0.008804367,0.00080,BUY,10.00000
"2003-08-12 07:00:00",1.13590,1.13700,1.13520,1.13650,0.00060,0.052821551,0.00180,BUY,60.00000
"2003-08-12 08:00:00",1.13650,1.13700,1.13580,1.13620,-0.00030,-0.026396832,0.00120,SELL,30.00000
"2003-08-12 09:00:00",1.13620,1.13770,1.13520,1.13630,0.00010,0.008801267,0.00250,BUY,10.00000
"2003-08-12 10:00:00",1.13630,1.13730,1.13470,1.13560,-0.00070,-0.061603450,0.00260,SELL,70.00000
"2003-08-12 11:00:00",1.13560,1.13580,1.13250,1.13270,-0.00290,-0.255371610,0.00330,SELL,290.00000
"2003-08-12 12:00:00",1.13270,1.13390,1.13150,1.13260,-0.00010,-0.008828463,0.00240,SELL,10.00000
"2003-08-12 13:00:00",1.13250,1.13280,1.13080,1.13120,-0.00130,-0.114790287,0.00200,SELL,130.00000
"2003-08-12 14:00:00",1.13130,1.13190,1.12830,1.12910,-0.00220,-0.194466543,0.00360,SELL,220.00000
"2003-08-12 15:00:00",1.12910,1.13070,1.12870,1.12990,0.00080,0.070852892,0.00200,BUY,80.00000
"2003-08-12 16:00:00",1.12980,1.13040,1.12820,1.12940,-0.00040,-0.035404496,0.00220,SELL,40.00000
"2003-08-12 17:00:00",1.12940,1.13220,1.12930,1.13090,0.00150,0.132813883,0.00290,BUY,150.00000
"2003-08-12 18:00:00",1.13070,1.13220,1.12990,1.13030,-0.00040,-0.035376316,0.00230,SELL,40.00000
"2003-08-12 19:00:00",1.13030,1.13170,1.13020,1.13090,0.00060,0.053083252,0.00150,BUY,60.00000
"2003-08-12 20:00:00",1.13060,1.13300,1.13030,1.13100,0.00040,0.035379445,0.00270,BUY,40.00000
"2003-08-12 21:00:00",1.13100,1.13170,1.12860,1.12880,-0.00220,-0.194518126,0.00310,SELL,220.00000
"2003-08-12 22:00:00",1.12870,1.12910,1.12760,1.12840,-0.00030,-0.026579250,0.00150,SELL,30.00000
"2003-08-12 23:00:00",1.12830,1.12880,1.12730,1.12780,-0.00050,-0.044314455,0.00150,SELL,50.00000
"2003-08-13 00:00:00",1.12790,1.12800,1.12710,1.12730,-0.00060,-0.053196205,0.00090,SELL,60.00000
"2003-08-13 01:00:00",1.12720,1.12790,1.12690,1.12750,0.00030,0.026614620,0.00100,BUY,30.00000
"2003-08-13 02:00:00",1.12760,1.12850,1.12630,1.12670,-0.00090,-0.079815537,0.00220,SELL,90.00000
"2003-08-13 03:00:00",1.12650,1.12720,1.12520,1.12630,-0.00020,-0.017754106,0.00200,SELL,20.00000
"2003-08-13 04:00:00",1.12620,1.12770,1.12600,1.12720,0.00100,0.088794175,0.00170,BUY,100.00000
"2003-08-13 05:00:00",1.12720,1.12750,1.12550,1.12550,-0.00170,-0.150816182,0.00200,SELL,170.00000
"2003-08-13 06:00:00",1.12590,1.12720,1.12570,1.12630,0.00040,0.035527134,0.00150,BUY,40.00000
"2003-08-13 07:00:00",1.12640,1.12700,1.12410,1.12490,-0.00150,-0.133167614,0.00290,SELL,150.00000
"2003-08-13 08:00:00",1.12500,1.12610,1.12250,1.12280,-0.00220,-0.195555556,0.00360,SELL,220.00000
"2003-08-13 09:00:00",1.12260,1.12460,1.12180,1.12430,0.00170,0.151434171,0.00280,BUY,170.00000
"2003-08-13 10:00:00",1.12420,1.12550,1.12370,1.12520,0.00100,0.088952144,0.00180,BUY,100.00000
"2003-08-13 11:00:00",1.12510,1.12550,1.12390,1.12490,-0.00020,-0.017776198,0.00160,SELL,20.00000
"2003-08-13 12:00:00",1.12510,1.12760,1.12440,1.12660,0.00150,0.133321483,0.00320,BUY,150.00000
"2003-08-13 13:00:00",1.12630,1.12880,1.12600,1.12840,0.00210,0.186451212,0.00280,BUY,210.00000
"2003-08-13 14:00:00",1.12840,1.12930,1.12430,1.12550,-0.00290,-0.257001063,0.00500,SELL,290.00000
"2003-08-13 15:00:00",1.12550,1.12820,1.12510,1.12770,0.00220,0.195468681,0.00310,BUY,220.00000
"2003-08-13 16:00:00",1.12770,1.13020,1.12700,1.12980,0.00210,0.186219739,0.00320,BUY,210.00000
"2003-08-13 17:00:00",1.12990,1.13190,1.12900,1.13150,0.00160,0.141605452,0.00290,BUY,160.00000
"2003-08-13 18:00:00",1.13150,1.13340,1.13100,1.13170,0.00020,0.017675652,0.00240,BUY,20.00000
"2003-08-13 19:00:00",1.13120,1.13220,1.13070,1.13200,0.00080,0.070721358,0.00150,BUY,80.00000
"2003-08-13 20:00:00",1.13190,1.13240,1.13050,1.13120,-0.00070,-0.061842919,0.00190,SELL,70.00000
"2003-08-13 21:00:00",1.13120,1.13230,1.13090,1.13180,0.00060,0.053041018,0.00140,BUY,60.00000
"2003-08-13 22:00:00",1.13180,1.13270,1.13150,1.13240,0.00060,0.053012900,0.00120,BUY,60.00000
"2003-08-13 23:00:00",1.13230,1.13280,1.13160,1.13170,-0.00060,-0.052989490,0.00120,SELL,60.00000
"2003-08-14 00:00:00",1.13170,1.13220,1.13090,1.13150,-0.00020,-0.017672528,0.00130,SELL,20.00000
"2003-08-14 01:00:00",1.13150,1.13190,1.13090,1.13140,-0.00010,-0.008837826,0.00100,SELL,10.00000
"2003-08-14 02:00:00",1.13150,1.13420,1.13090,1.13290,0.00140,0.123729563,0.00330,BUY,140.00000
"2003-08-14 03:00:00",1.13290,1.13330,1.13210,1.13290,0.00000,0.000000000,0.00120,SELL,0.00000
"2003-08-14 04:00:00",1.13280,1.13310,1.13210,1.13270,-0.00010,-0.008827684,0.00100,SELL,10.00000
"2003-08-14 05:00:00",1.13270,1.13290,1.13200,1.13240,-0.00030,-0.026485389,0.00090,SELL,30.00000
"2003-08-14 06:00:00",1.13230,1.13350,1.13190,1.13260,0.00030,0.026494745,0.00160,BUY,30.00000
"2003-08-14 07:00:00",1.13270,1.13310,1.13160,1.13220,-0.00050,-0.044142315,0.00150,SELL,50.00000
"2003-08-14 08:00:00",1.13220,1.13280,1.13100,1.13260,0.00040,0.035329447,0.00180,BUY,40.00000
"2003-08-14 09:00:00",1.13260,1.13360,1.13150,1.13290,0.00030,0.026487727,0.00210,BUY,30.00000
"2003-08-14 10:00:00",1.13300,1.13370,1.13230,1.13270,-0.00030,-0.026478376,0.00140,SELL,30.00000
"2003-08-14 11:00:00",1.13280,1.13300,1.13080,1.13160,-0.00120,-0.105932203,0.00220,SELL,120.00000
"2003-08-14 12:00:00",1.13140,1.13220,1.12770,1.12830,-0.00310,-0.273996818,0.00450,SELL,310.00000
"2003-08-14 13:00:00",1.12830,1.12890,1.12740,1.12790,-0.00040,-0.035451564,0.00150,SELL,40.00000
"2003-08-14 14:00:00",1.12770,1.12850,1.12510,1.12640,-0.00130,-0.115278886,0.00340,SELL,130.00000
"2003-08-14 15:00:00",1.12640,1.12940,1.12560,1.12820,0.00180,0.159801136,0.00380,BUY,180.00000
"2003-08-14 16:00:00",1.12810,1.12980,1.12600,1.12640,-0.00170,-0.150695860,0.00380,SELL,170.00000
"2003-08-14 17:00:00",1.12630,1.12680,1.12360,1.12510,-0.00120,-0.106543550,0.00320,SELL,120.00000
"2003-08-14 18:00:00",1.12510,1.12530,1.12260,1.12350,-0.00160,-0.142209581,0.00270,SELL,160.00000
"2003-08-14 19:00:00",1.12360,1.12520,1.12300,1.12450,0.00090,0.080099680,0.00220,BUY,90.00000
"2003-08-14 20:00:00",1.12450,1.12580,1.12420,1.12490,0.00040,0.035571365,0.00160,BUY,40.00000
"2003-08-14 21:00:00",1.12480,1.12540,1.12400,1.12450,-0.00030,-0.026671408,0.00140,SELL,30.00000
"2003-08-14 22:00:00",1.12460,1.13170,1.12400,1.12640,0.00180,0.160056909,0.00770,BUY,180.00000
"2003-08-14 23:00:00",1.12660,1.12990,1.12550,1.12760,0.00100,0.088762649,0.00440,BUY,100.00000
"2003-08-15 00:00:00",1.12750,1.12790,1.12620,1.12720,-0.00030,-0.026607539,0.00170,SELL,30.00000
"2003-08-15 01:00:00",1.12720,1.12800,1.12600,1.12710,-0.00010,-0.008871540,0.00200,SELL,10.00000
"2003-08-15 02:00:00",1.12730,1.12780,1.12580,1.12670,-0.00060,-0.053224519,0.00200,SELL,60.00000
"2003-08-15 03:00:00",1.12660,1.12740,1.12520,1.12620,-0.00040,-0.035505059,0.00220,SELL,40.00000
"2003-08-15 04:00:00",1.12610,1.12700,1.12580,1.12630,0.00020,0.017760412,0.00120,BUY,20.00000
"2003-08-15 05:00:00",1.12650,1.12720,1.12590,1.12660,0.00010,0.008877053,0.00130,BUY,10.00000
"2003-08-15 06:00:00",1.12660,1.12720,1.12420,1.12490,-0.00170,-0.150896503,0.00300,SELL,170.00000
"2003-08-15 07:00:00",1.12470,1.12630,1.12450,1.12550,0.00080,0.071130079,0.00180,BUY,80.00000
"2003-08-15 08:00:00",1.12550,1.12720,1.12410,1.12640,0.00090,0.079964460,0.00310,BUY,90.00000
"2003-08-15 09:00:00",1.12660,1.12720,1.12540,1.12620,-0.00040,-0.035505059,0.00180,SELL,40.00000
"2003-08-15 10:00:00",1.12620,1.12700,1.12540,1.12630,0.00010,0.008879418,0.00160,BUY,10.00000
"2003-08-15 11:00:00",1.12630,1.12910,1.12590,1.12780,0.00150,0.133179437,0.00320,BUY,150.00000
"2003-08-15 12:00:00",1.12780,1.12860,1.12690,1.12690,-0.00090,-0.079801383,0.00170,SELL,90.00000
"2003-08-15 13:00:00",1.12700,1.12730,1.12510,1.12550,-0.00150,-0.133096717,0.00220,SELL,150.00000
"2003-08-15 14:00:00",1.12570,1.12720,1.12440,1.12590,0.00020,0.017766723,0.00280,BUY,20.00000
"2003-08-15 15:00:00",1.12590,1.12770,1.12510,1.12630,0.00040,0.035527134,0.00260,BUY,40.00000
"2003-08-15 16:00:00",1.12670,1.12730,1.12500,1.12610,-0.00060,-0.053252862,0.00230,SELL,60.00000
"2003-08-15 17:00:00",1.12600,1.12630,1.12440,1.12560,-0.00040,-0.035523979,0.00190,SELL,40.00000
"2003-08-15 18:00:00",1.12550,1.12640,1.12460,1.12550,0.00000,0.000000000,0.00180,SELL,0.00000
"2003-08-15 19:00:00",1.12560,1.12650,1.12500,1.12540,-0.00020,-0.017768301,0.00150,SELL,20.00000
"2003-08-15 20:00:00",1.12540,1.12620,1.12430,1.12540,0.00000,0.000000000,0.00190,SELL,0.00000
"2003-08-15 21:00:00",1.12550,1.12650,1.12500,1.12640,0.00090,0.079964460,0.00150,BUY,90.00000
"2003-08-15 22:00:00",1.12570,1.12690,1.12520,1.12670,0.00100,0.088833615,0.00170,BUY,100.00000
"2003-08-15 23:00:00",1.12670,1.12700,1.12560,1.12640,-0.00030,-0.026626431,0.00140,SELL,30.00000
"2003-08-18 00:00:00",1.12670,1.12700,1.12650,1.12670,0.00000,0.000000000,0.00050,SELL,0.00000
"2003-08-18 01:00:00",1.12660,1.12700,1.12590,1.12640,-0.00020,-0.017752530,0.00110,SELL,20.00000
"2003-08-18 02:00:00",1.12630,1.12720,1.12360,1.12450,-0.00180,-0.159815325,0.00360,SELL,180.00000
"2003-08-18 03:00:00",1.12470,1.12480,1.12260,1.12280,-0.00190,-0.168933938,0.00220,SELL,190.00000
"2003-08-18 04:00:00",1.12270,1.12400,1.12270,1.12310,0.00040,0.035628396,0.00130,BUY,40.00000
"2003-08-18 05:00:00",1.12320,1.12410,1.12290,1.12390,0.00070,0.062321937,0.00120,BUY,70.00000
"2003-08-18 06:00:00",1.12390,1.12460,1.12210,1.12280,-0.00110,-0.097873476,0.00250,SELL,110.00000
"2003-08-18 07:00:00",1.12280,1.12390,1.12260,1.12300,0.00020,0.017812611,0.00130,BUY,20.00000
"2003-08-18 08:00:00",1.12320,1.12380,1.12160,1.12330,0.00010,0.008903134,0.00220,BUY,10.00000
"2003-08-18 09:00:00",1.12330,1.12350,1.12190,1.12230,-0.00100,-0.089023413,0.00160,SELL,100.00000
"2003-08-18 10:00:00",1.12220,1.12400,1.12210,1.12280,0.00060,0.053466405,0.00190,BUY,60.00000
"2003-08-18 11:00:00",1.12260,1.12330,1.12200,1.12230,-0.00030,-0.026723677,0.00130,SELL,30.00000
"2003-08-18 12:00:00",1.12210,1.12260,1.11850,1.11880,-0.00330,-0.294091436,0.00410,SELL,330.00000
"2003-08-18 13:00:00",1.11880,1.11950,1.11760,1.11910,0.00030,0.026814444,0.00190,BUY,30.00000
"2003-08-18 14:00:00",1.11890,1.11960,1.11580,1.11710,-0.00180,-0.160872285,0.00380,SELL,180.00000
"2003-08-18 15:00:00",1.11720,1.11870,1.11650,1.11840,0.00120,0.107411386,0.00220,BUY,120.00000
"2003-08-18 16:00:00",1.11830,1.11930,1.11510,1.11600,-0.00230,-0.205669320,0.00420,SELL,230.00000
"2003-08-18 17:00:00",1.11600,1.11660,1.11310,1.11400,-0.00200,-0.179211470,0.00350,SELL,200.00000
"2003-08-18 18:00:00",1.11400,1.11480,1.11260,1.11430,0.00030,0.026929982,0.00220,BUY,30.00000
"2003-08-18 19:00:00",1.11430,1.11570,1.11360,1.11520,0.00090,0.080768195,0.00210,BUY,90.00000
"2003-08-18 20:00:00",1.11530,1.11570,1.11370,1.11520,-0.00010,-0.008966197,0.00200,SELL,10.00000
"2003-08-18 21:00:00",1.11510,1.11670,1.11440,1.11510,0.00000,0.000000000,0.00230,SELL,0.00000
"2003-08-18 22:00:00",1.11520,1.11560,1.11420,1.11430,-0.00090,-0.080703013,0.00140,SELL,90.00000
"2003-08-18 23:00:00",1.11480,1.11530,1.11430,1.11490,0.00010,0.008970219,0.00100,BUY,10.00000
"2003-08-19 00:00:00",1.11490,1.11540,1.11440,1.11490,0.00000,0.000000000,0.00100,SELL,0.00000
"2003-08-19 01:00:00",1.11500,1.11550,1.11390,1.11400,-0.00100,-0.089686099,0.00160,SELL,100.00000
"2003-08-19 02:00:00",1.11410,1.11450,1.11310,1.11450,0.00040,0.035903420,0.00140,BUY,40.00000
"2003-08-19 03:00:00",1.11440,1.11440,1.11190,1.11220,-0.00220,-0.197415650,0.00250,SELL,220.00000
"2003-08-19 04:00:00",1.11220,1.11370,1.11180,1.11320,0.00100,0.089911886,0.00190,BUY,100.00000
"2003-08-19 05:00:00",1.11330,1.11420,1.11310,1.11350,0.00020,0.017964610,0.00110,BUY,20.00000
"2003-08-19 06:00:00",1.11370,1.11420,1.11250,1.11270,-0.00100,-0.089790787,0.00170,SELL,100.00000
"2003-08-19 07:00:00",1.11270,1.11320,1.11180,1.11280,0.00010,0.008987148,0.00140,BUY,10.00000
"2003-08-19 08:00:00",1.11280,1.11310,1.10770,1.10900,-0.00380,-0.341480949,0.00540,SELL,380.00000
"2003-08-19 09:00:00",1.10890,1.11070,1.10810,1.10900,0.00010,0.009017946,0.00260,BUY,10.00000
"2003-08-19 10:00:00",1.10880,1.11100,1.10870,1.11070,0.00190,0.171356421,0.00230,BUY,190.00000
"2003-08-19 11:00:00",1.11050,1.11210,1.10980,1.11100,0.00050,0.045024764,0.00230,BUY,50.00000
"2003-08-19 12:00:00",1.11110,1.11210,1.10910,1.10980,-0.00130,-0.117001170,0.00300,SELL,130.00000
"2003-08-19 13:00:00",1.10990,1.11030,1.10560,1.10630,-0.00360,-0.324353545,0.00470,SELL,360.00000
"2003-08-19 14:00:00",1.10650,1.10890,1.10530,1.10710,0.00060,0.054225034,0.00360,BUY,60.00000
"2003-08-19 15:00:00",1.10700,1.10890,1.10610,1.10810,0.00110,0.099367660,0.00280,BUY,110.00000
"2003-08-19 16:00:00",1.10770,1.11180,1.10700,1.10910,0.00140,0.126388011,0.00480,BUY,140.00000
"2003-08-19 17:00:00",1.10910,1.11260,1.10800,1.11250,0.00340,0.306554864,0.00460,BUY,340.00000
"2003-08-19 18:00:00",1.11230,1.11380,1.11030,1.11330,0.00100,0.089903803,0.00350,BUY,100.00000
"2003-08-19 19:00:00",1.11320,1.11410,1.11160,1.11280,-0.00040,-0.035932447,0.00250,SELL,40.00000
"2003-08-19 20:00:00",1.11270,1.11520,1.11220,1.11440,0.00170,0.152781522,0.00300,BUY,170.00000
"2003-08-19 21:00:00",1.11440,1.11510,1.11330,1.11380,-0.00060,-0.053840632,0.00180,SELL,60.00000
"2003-08-19 22:00:00",1.11400,1.11430,1.11310,1.11390,-0.00010,-0.008976661,0.00120,SELL,10.00000
"2003-08-19 23:00:00",1.11380,1.11490,1.11340,1.11450,0.00070,0.062847908,0.00150,BUY,70.00000
"2003-08-20 00:00:00",1.11430,1.11500,1.11370,1.11380,-0.00050,-0.044871220,0.00130,SELL,50.00000
"2003-08-20 01:00:00",1.11380,1.11400,1.11240,1.11290,-0.00090,-0.080804453,0.00160,SELL,90.00000
"2003-08-20 02:00:00",1.11330,1.11360,1.11160,1.11170,-0.00160,-0.143716878,0.00200,SELL,160.00000
"2003-08-20 03:00:00",1.11180,1.11210,1.10970,1.11030,-0.00150,-0.134916352,0.00240,SELL,150.00000
"2003-08-20 04:00:00",1.11050,1.11090,1.10940,1.10990,-0.00060,-0.054029716,0.00150,SELL,60.00000
"2003-08-20 05:00:00",1.10980,1.11110,1.10970,1.11030,0.00050,0.045053163,0.00140,BUY,50.00000
"2003-08-20 06:00:00",1.11040,1.11110,1.10980,1.11070,0.00030,0.027017291,0.00130,BUY,30.00000
"2003-08-20 07:00:00",1.11090,1.11180,1.11030,1.11080,-0.00010,-0.009001710,0.00150,SELL,10.00000
"2003-08-20 08:00:00",1.11070,1.11310,1.11030,1.11250,0.00180,0.162059962,0.00280,BUY,180.00000
"2003-08-20 09:00:00",1.11240,1.11360,1.11090,1.11330,0.00090,0.080906149,0.00270,BUY,90.00000
"2003-08-20 10:00:00",1.11320,1.11360,1.11130,1.11200,-0.00120,-0.107797341,0.00230,SELL,120.00000
"2003-08-20 11:00:00",1.11210,1.11330,1.11100,1.11140,-0.00070,-0.062943980,0.00230,SELL,70.00000
"2003-08-20 12:00:00",1.11130,1.11210,1.10810,1.10840,-0.00290,-0.260955638,0.00400,SELL,290.00000
"2003-08-20 13:00:00",1.10820,1.11050,1.10820,1.11010,0.00190,0.171449197,0.00230,BUY,190.00000
"2003-08-20 14:00:00",1.10990,1.11300,1.10950,1.11240,0.00250,0.225245518,0.00350,BUY,250.00000
"2003-08-20 15:00:00",1.11230,1.11430,1.11100,1.11250,0.00020,0.017980761,0.00330,BUY,20.00000
"2003-08-20 16:00:00",1.11240,1.11450,1.11170,1.11180,-0.00060,-0.053937433,0.00280,SELL,60.00000
"2003-08-20 17:00:00",1.11200,1.11400,1.11030,1.11050,-0.00150,-0.134892086,0.00370,SELL,150.00000
"2003-08-20 18:00:00",1.11060,1.11270,1.11010,1.11120,0.00060,0.054024851,0.00260,BUY,60.00000
"2003-08-20 19:00:00",1.11140,1.11170,1.10970,1.11090,-0.00050,-0.044988303,0.00200,SELL,50.00000
"2003-08-20 20:00:00",1.11100,1.11250,1.11060,1.11220,0.00120,0.108010801,0.00190,BUY,120.00000
"2003-08-20 21:00:00",1.11230,1.11260,1.11070,1.11170,-0.00060,-0.053942282,0.00190,SELL,60.00000
"2003-08-20 22:00:00",1.11180,1.11290,1.11160,1.11190,0.00010,0.008994423,0.00130,BUY,10.00000
"2003-08-20 23:00:00",1.11190,1.11260,1.11150,1.11220,0.00030,0.026980844,0.00110,BUY,30.00000
"2003-08-21 00:00:00",1.11200,1.11250,1.11100,1.11140,-0.00060,-0.053956835,0.00150,SELL,60.00000
"2003-08-21 01:00:00",1.11150,1.11170,1.11050,1.11080,-0.00070,-0.062977958,0.00120,SELL,70.00000
"2003-08-21 02:00:00",1.11110,1.11130,1.10860,1.10880,-0.00230,-0.207002070,0.00270,SELL,230.00000
"2003-08-21 03:00:00",1.10870,1.10970,1.10830,1.10840,-0.00030,-0.027058717,0.00140,SELL,30.00000
"2003-08-21 04:00:00",1.10850,1.10970,1.10810,1.10880,0.00030,0.027063599,0.00160,BUY,30.00000
"2003-08-21 05:00:00",1.10890,1.10950,1.10840,1.10870,-0.00020,-0.018035891,0.00110,SELL,20.00000
"2003-08-21 06:00:00",1.10870,1.10940,1.10840,1.10850,-0.00020,-0.018039145,0.00100,SELL,20.00000
"2003-08-21 07:00:00",1.10880,1.10880,1.10650,1.10680,-0.00200,-0.180375180,0.00230,SELL,200.00000
"2003-08-21 08:00:00",1.10710,1.10750,1.10180,1.10210,-0.00500,-0.451630386,0.00570,SELL,500.00000
"2003-08-21 09:00:00",1.10190,1.10310,1.09840,1.10070,-0.00120,-0.108902804,0.00470,SELL,120.00000
"2003-08-21 10:00:00",1.10070,1.10200,1.09990,1.10060,-0.00010,-0.009085128,0.00210,SELL,10.00000
"2003-08-21 11:00:00",1.10060,1.10180,1.09830,1.09850,-0.00210,-0.190805015,0.00350,SELL,210.00000
"2003-08-21 12:00:00",1.09880,1.09990,1.09760,1.09910,0.00030,0.027302512,0.00230,BUY,30.00000
"2003-08-21 13:00:00",1.09920,1.10100,1.09870,1.10050,0.00130,0.118267831,0.00230,BUY,130.00000
"2003-08-21 14:00:00",1.10050,1.10180,1.09770,1.09960,-0.00090,-0.081781009,0.00410,SELL,90.00000
"2003-08-21 15:00:00",1.09970,1.10110,1.09840,1.09920,-0.00050,-0.045466946,0.00270,SELL,50.00000
"2003-08-21 16:00:00",1.09920,1.09940,1.09580,1.09610,-0.00310,-0.282023290,0.00360,SELL,310.00000
"2003-08-21 17:00:00",1.09630,1.09910,1.09600,1.09820,0.00190,0.173310225,0.00310,BUY,190.00000
"2003-08-21 18:00:00",1.09810,1.09840,1.09030,1.09390,-0.00420,-0.382478827,0.00810,SELL,420.00000
"2003-08-21 19:00:00",1.09390,1.09480,1.08840,1.09170,-0.00220,-0.201115276,0.00640,SELL,220.00000
"2003-08-21 20:00:00",1.09180,1.09300,1.09070,1.09280,0.00100,0.091591867,0.00230,BUY,100.00000
"2003-08-21 21:00:00",1.09280,1.09320,1.09170,1.09200,-0.00080,-0.073206442,0.00150,SELL,80.00000
"2003-08-21 22:00:00",1.09200,1.09340,1.09200,1.09230,0.00030,0.027472527,0.00140,BUY,30.00000
"2003-08-21 23:00:00",1.09240,1.09330,1.09200,1.09280,0.00040,0.036616624,0.00130,BUY,40.00000
"2003-08-22 00:00:00",1.09290,1.09340,1.09210,1.09270,-0.00020,-0.018299936,0.00130,SELL,20.00000
"2003-08-22 01:00:00",1.09320,1.09400,1.09250,1.09330,0.00010,0.009147457,0.00150,BUY,10.00000
"2003-08-22 02:00:00",1.09340,1.09380,1.09200,1.09260,-0.00080,-0.073166270,0.00180,SELL,80.00000
"2003-08-22 03:00:00",1.09270,1.09360,1.09200,1.09270,0.00000,0.000000000,0.00160,SELL,0.00000
"2003-08-22 04:00:00",1.09250,1.09350,1.09210,1.09310,0.00060,0.054919908,0.00140,BUY,60.00000
"2003-08-22 05:00:00",1.09350,1.09390,1.09260,1.09280,-0.00070,-0.064014632,0.00130,SELL,70.00000
"2003-08-22 06:00:00",1.09270,1.09370,1.09250,1.09290,0.00020,0.018303285,0.00120,BUY,20.00000
"2003-08-22 07:00:00",1.09320,1.09400,1.09270,1.09330,0.00010,0.009147457,0.00130,BUY,10.00000
"2003-08-22 08:00:00",1.09320,1.09400,1.08970,1.09330,0.00010,0.009147457,0.00430,BUY,10.00000
"2003-08-22 09:00:00",1.09310,1.09480,1.09170,1.09230,-0.00080,-0.073186351,0.00310,SELL,80.00000
"2003-08-22 10:00:00",1.09220,1.09390,1.09160,1.09290,0.00070,0.064090826,0.00230,BUY,70.00000
"2003-08-22 11:00:00",1.09290,1.09310,1.09110,1.09160,-0.00130,-0.118949584,0.00200,SELL,130.00000
"2003-08-22 12:00:00",1.09180,1.09250,1.09040,1.09110,-0.00070,-0.064114307,0.00210,SELL,70.00000
"2003-08-22 13:00:00",1.09100,1.09180,1.09010,1.09060,-0.00040,-0.036663611,0.00170,SELL,40.00000
"2003-08-22 14:00:00",1.09060,1.09110,1.08650,1.08820,-0.00240,-0.220062351,0.00460,SELL,240.00000
"2003-08-22 15:00:00",1.08770,1.08910,1.08350,1.08430,-0.00340,-0.312586191,0.00560,SELL,340.00000
"2003-08-22 16:00:00",1.08410,1.08660,1.08350,1.08570,0.00160,0.147587861,0.00310,BUY,160.00000
"2003-08-22 17:00:00",1.08590,1.08780,1.08390,1.08730,0.00140,0.128925315,0.00390,BUY,140.00000
"2003-08-22 18:00:00",1.08730,1.08880,1.08640,1.08800,0.00070,0.064379656,0.00240,BUY,70.00000
"2003-08-22 19:00:00",1.08800,1.08910,1.08730,1.08780,-0.00020,-0.018382353,0.00180,SELL,20.00000
"2003-08-22 20:00:00",1.08820,1.08970,1.08760,1.08860,0.00040,0.036757949,0.00210,BUY,40.00000
"2003-08-22 21:00:00",1.08860,1.08930,1.08740,1.08900,0.00040,0.036744442,0.00190,BUY,40.00000
"2003-08-22 22:00:00",1.08890,1.08960,1.08720,1.08760,-0.00130,-0.119386537,0.00240,SELL,130.00000
"2003-08-22 23:00:00",1.08760,1.08910,1.08750,1.08870,0.00110,0.101140125,0.00160,BUY,110.00000
"2003-08-25 00:00:00",1.08690,1.08730,1.08510,1.08580,-0.00110,-0.101205263,0.00220,SELL,110.00000
"2003-08-25 01:00:00",1.08580,1.08690,1.08520,1.08570,-0.00010,-0.009209799,0.00170,SELL,10.00000
"2003-08-25 02:00:00",1.08580,1.08780,1.08540,1.08730,0.00150,0.138146988,0.00240,BUY,150.00000
"2003-08-25 03:00:00",1.08750,1.08810,1.08630,1.08720,-0.00030,-0.027586207,0.00180,SELL,30.00000
"2003-08-25 04:00:00",1.08700,1.08790,1.08660,1.08730,0.00030,0.027598896,0.00130,BUY,30.00000
"2003-08-25 05:00:00",1.08720,1.08760,1.08660,1.08690,-0.00030,-0.027593819,0.00100,SELL,30.00000
"2003-08-25 06:00:00",1.08690,1.08760,1.08640,1.08710,0.00020,0.018400957,0.00120,BUY,20.00000
"2003-08-25 07:00:00",1.08720,1.08790,1.08640,1.08750,0.00030,0.027593819,0.00150,BUY,30.00000
"2003-08-25 08:00:00",1.08760,1.08850,1.08700,1.08740,-0.00020,-0.018389114,0.00150,SELL,20.00000
"2003-08-25 09:00:00",1.08760,1.08880,1.08720,1.08830,0.00070,0.064361898,0.00160,BUY,70.00000
"2003-08-25 10:00:00",1.08810,1.09230,1.08800,1.09070,0.00260,0.238948626,0.00430,BUY,260.00000
"2003-08-25 11:00:00",1.09080,1.09130,1.09000,1.09070,-0.00010,-0.009167583,0.00130,SELL,10.00000
"2003-08-25 12:00:00",1.09090,1.09160,1.08990,1.08990,-0.00100,-0.091667431,0.00170,SELL,100.00000
"2003-08-25 13:00:00",1.09020,1.09070,1.08850,1.08890,-0.00130,-0.119244175,0.00220,SELL,130.00000
"2003-08-25 14:00:00",1.08900,1.08990,1.08820,1.08950,0.00050,0.045913682,0.00170,BUY,50.00000
"2003-08-25 15:00:00",1.08930,1.09170,1.08880,1.09030,0.00100,0.091802075,0.00290,BUY,100.00000
"2003-08-25 16:00:00",1.09060,1.09120,1.08880,1.08980,-0.00080,-0.073354117,0.00240,SELL,80.00000
"2003-08-25 17:00:00",1.09010,1.09100,1.08800,1.08950,-0.00060,-0.055040822,0.00300,SELL,60.00000
"2003-08-25 18:00:00",1.08930,1.08980,1.08480,1.08690,-0.00240,-0.220324979,0.00500,SELL,240.00000
"2003-08-25 19:00:00",1.08700,1.08900,1.08650,1.08860,0.00160,0.147194112,0.00250,BUY,160.00000
"2003-08-25 20:00:00",1.08860,1.08970,1.08800,1.08820,-0.00040,-0.036744442,0.00170,SELL,40.00000
"2003-08-25 21:00:00",1.08830,1.08890,1.08690,1.08750,-0.00080,-0.073509143,0.00200,SELL,80.00000
"2003-08-25 22:00:00",1.08730,1.08760,1.08610,1.08750,0.00020,0.018394187,0.00150,BUY,20.00000
"2003-08-25 23:00:00",1.08750,1.08760,1.08440,1.08480,-0.00270,-0.248275862,0.00320,SELL,270.00000
"2003-08-26 00:00:00",1.08510,1.08540,1.08250,1.08320,-0.00190,-0.175099069,0.00290,SELL,190.00000
"2003-08-26 01:00:00",1.08320,1.08370,1.08030,1.08300,-0.00020,-0.018463811,0.00340,SELL,20.00000
"2003-08-26 02:00:00",1.08310,1.08490,1.08290,1.08350,0.00040,0.036931031,0.00200,BUY,40.00000
"2003-08-26 03:00:00",1.08360,1.08540,1.08320,1.08440,0.00080,0.073827981,0.00220,BUY,80.00000
"2003-08-26 04:00:00",1.08430,1.08540,1.08410,1.08440,0.00010,0.009222540,0.00130,BUY,10.00000
"2003-08-26 05:00:00",1.08460,1.08510,1.08340,1.08370,-0.00090,-0.082979900,0.00170,SELL,90.00000
"2003-08-26 06:00:00",1.08410,1.08460,1.08290,1.08420,0.00010,0.009224241,0.00170,BUY,10.00000
"2003-08-26 07:00:00",1.08410,1.08700,1.08410,1.08560,0.00150,0.138363620,0.00290,BUY,150.00000
"2003-08-26 08:00:00",1.08570,1.08660,1.08430,1.08550,-0.00020,-0.018421295,0.00230,SELL,20.00000
"2003-08-26 09:00:00",1.08550,1.08680,1.08520,1.08570,0.00020,0.018424689,0.00160,BUY,20.00000
"2003-08-26 10:00:00",1.08560,1.08650,1.08390,1.08590,0.00030,0.027634488,0.00260,BUY,30.00000
"2003-08-26 11:00:00",1.08570,1.08620,1.08200,1.08270,-0.00300,-0.276319425,0.00420,SELL,300.00000
"2003-08-26 12:00:00",1.08260,1.08410,1.08080,1.08100,-0.00160,-0.147792352,0.00330,SELL,160.00000
"2003-08-26 13:00:00",1.08100,1.08260,1.07880,1.08230,0.00130,0.120259019,0.00380,BUY,130.00000
"2003-08-26 14:00:00",1.08220,1.08340,1.08100,1.08140,-0.00080,-0.073923489,0.00240,SELL,80.00000
"2003-08-26 15:00:00",1.08160,1.08310,1.08090,1.08190,0.00030,0.027736686,0.00220,BUY,30.00000
"2003-08-26 16:00:00",1.08170,1.08840,1.08090,1.08780,0.00610,0.563927152,0.00750,BUY,610.00000
"2003-08-26 17:00:00",1.08770,1.09090,1.08650,1.08940,0.00170,0.156293096,0.00440,BUY,170.00000
"2003-08-26 18:00:00",1.08930,1.09080,1.08850,1.08990,0.00060,0.055081245,0.00230,BUY,60.00000
"2003-08-26 19:00:00",1.08950,1.09110,1.08920,1.08990,0.00040,0.036714089,0.00190,BUY,40.00000
"2003-08-26 20:00:00",1.08980,1.09060,1.08810,1.08850,-0.00130,-0.119287943,0.00250,SELL,130.00000
"2003-08-26 21:00:00",1.08880,1.08900,1.08680,1.08720,-0.00160,-0.146950771,0.00220,SELL,160.00000
"2003-08-26 22:00:00",1.08710,1.08780,1.08610,1.08610,-0.00100,-0.091987858,0.00170,SELL,100.00000
"2003-08-26 23:00:00",1.08600,1.08710,1.08510,1.08620,0.00020,0.018416206,0.00200,BUY,20.00000
"2003-08-27 00:00:00",1.08620,1.08770,1.08530,1.08710,0.00090,0.082857669,0.00240,BUY,90.00000
"2003-08-27 01:00:00",1.08690,1.08840,1.08660,1.08790,0.00100,0.092004784,0.00180,BUY,100.00000
"2003-08-27 02:00:00",1.08800,1.08800,1.08620,1.08620,-0.00180,-0.165441176,0.00180,SELL,180.00000
"2003-08-27 03:00:00",1.08630,1.08790,1.08580,1.08660,0.00030,0.027616680,0.00210,BUY,30.00000
"2003-08-27 04:00:00",1.08650,1.08720,1.08550,1.08620,-0.00030,-0.027611597,0.00170,SELL,30.00000
"2003-08-27 05:00:00",1.08610,1.08680,1.08590,1.08640,0.00030,0.027621766,0.00090,BUY,30.00000
"2003-08-27 06:00:00",1.08630,1.08670,1.08310,1.08410,-0.00220,-0.202522323,0.00360,SELL,220.00000
